image_name,class,confidence,x,y,width,height,occupancy_percent,obstruction_category
472_jpg.rf.817ef3018c3113c8b45bfb9cf343ea16.jpg,fallen_tree,0.841,9,0,608,630,93.56,Critical Road Block
IMG_0497_jpeg_jpg.rf.a1197fe406da8987f8e2feda63b990f8.jpg,fallen_tree,0.793,127,196,409,267,26.65,Major Road Block
3411_jpg.rf.d6b96375c45fba610f8f515170270362.jpg,fallen_tree,0.84,0,64,636,567,88.0,Critical Road Block
701_jpg.rf.417a631a94e7e4b83e3ed59e318c68ae.jpg,fallen_tree,0.659,182,37,458,315,35.25,Critical Road Block
628_jpg.rf.913eff001f6450e0fa01766224c71df5.jpg,fallen_tree,0.476,0,286,638,291,45.34,Critical Road Block
IMG_0446_jpeg_jpg.rf.6ace927daad5f2a9a6541ec9d11f1491.jpg,fallen_tree,0.642,1,325,634,315,48.83,Critical Road Block
IMG_0446_jpeg_jpg.rf.6ace927daad5f2a9a6541ec9d11f1491.jpg,fallen_tree,0.468,0,189,474,262,30.27,Critical Road Block
IMG_0446_jpeg_jpg.rf.6ace927daad5f2a9a6541ec9d11f1491.jpg,fallen_tree,0.357,0,175,632,317,48.86,Critical Road Block
3382_jpg.rf.9b23f9f88f0d9a8aa75fec28ad080e15.jpg,fallen_tree,0.799,1,162,618,302,45.6,Critical Road Block
470_jpg.rf.1a45ddd11d24e846df7d4a7acb22d28b.jpg,fallen_tree,0.802,136,143,255,145,9.07,Partial Road Block
ia_100000063_png_jpg.rf.47664d79dbaa082258365cd2cff47d65.jpg,fallen_tree,0.541,0,176,636,464,72.11,Critical Road Block
ia_400005495_png_jpg.rf.85b44971f8110a0590c3db1a2a3822e0.jpg,fallen_tree,0.58,96,127,371,513,46.45,Critical Road Block
ia_400008963_png_jpg.rf.c896c272566501dd7d1189861c4c2df1.jpg,fallen_tree,0.609,1,247,635,191,29.64,Major Road Block
3983_jpeg_jpg.rf.d292144b8bb7462af08f241848828b09.jpg,fallen_tree,0.83,3,171,630,318,48.88,Critical Road Block
3595_jpg.rf.eea0fa29679f514e1e27ed3eb16f1f9b.jpg,fallen_tree,0.496,250,329,223,125,6.82,Partial Road Block
659_jpg.rf.1fdb1aa68536185148e49235dd678fb9.jpg,fallen_tree,0.773,10,22,628,614,94.28,Critical Road Block
3899_jpg.rf.7a044cbd0f80d121ed6c4ea65ffe5932.jpg,fallen_tree,0.889,0,2,638,543,84.58,Critical Road Block
624_jpg.rf.f683fc2e2392abbb5b5f6f3c1662ea32.jpg,fallen_tree,0.48,294,136,343,268,22.45,Major Road Block
488_jpg.rf.eb895da758912d6bbb8a8f42065f9c5e.jpg,fallen_tree,0.732,3,88,557,442,60.06,Critical Road Block
3775_jpg.rf.02192628e759e301ee9220c4c2d06b13.jpg,fallen_tree,0.727,20,13,615,557,83.71,Critical Road Block
3468_jpg.rf.ed36fecc9e06a206a3e81c2a1c235234.jpg,fallen_tree,0.59,1,149,560,296,40.44,Critical Road Block
ia_400000601_png_jpg.rf.b82ff0cc9e0d24e3fa901d4cd49cbd3c.jpg,fallen_tree,0.63,48,5,587,518,74.25,Critical Road Block
398_jpg.rf.1d358167e01cb0bf7448678c77ce83da.jpg,fallen_tree,0.713,0,84,639,487,76.04,Critical Road Block
ia_100003307_png_jpg.rf.557bd2c8d1e292b6abb185d34fdbc8c8.jpg,fallen_tree,0.799,0,122,640,507,79.14,Critical Road Block
ia_400000595_png_jpg.rf.f63b24a41f90a18b0274ae131f6b5672.jpg,fallen_tree,0.512,55,96,446,440,47.9,Critical Road Block
ia_400008103_png_jpg.rf.758eacc6224fb59a036548d94254a02a.jpg,fallen_tree,0.485,0,26,629,613,94.09,Critical Road Block
IMG_0454_jpeg_jpg.rf.16279566664e8f5c70f6a7b00bef7f3a.jpg,fallen_tree,0.726,52,240,584,338,48.24,Critical Road Block
247_jpg.rf.6f5b2e9834ba0bffce1cbe564fa5350f.jpg,fallen_tree,0.489,45,0,411,257,25.84,Major Road Block
3719_jpg.rf.d3a0a6b460ff9f7c94698213dfbe753c.jpg,fallen_tree,0.599,61,0,419,552,56.43,Critical Road Block
ia_800000086_png_jpg.rf.9ac20217522199e32dc429efabed912f.jpg,fallen_tree,0.449,76,162,548,282,37.76,Critical Road Block
ia_400000785_png_jpg.rf.70d442b2426a6e6ef845e07aca6d9e09.jpg,fallen_tree,0.633,11,334,626,236,36.1,Critical Road Block
486_jpg.rf.1f535eab3ed35db9fe2f6f5cf3174e85.jpg,fallen_tree,0.56,8,4,631,516,79.54,Critical Road Block
ia_800002090_png_jpg.rf.440f9902d12cb063940e239abec6ad1d.jpg,fallen_tree,0.548,98,194,451,393,43.25,Critical Road Block
Fallen-Palm-Trees-Florida_webp.rf.ba0dcb2fb05b613bba963706334f83f7.jpg,fallen_tree,0.837,77,74,516,555,69.89,Critical Road Block
ia_400006636_png_jpg.rf.043aacde0cec1b0e91258963fb89d703.jpg,fallen_tree,0.671,0,132,562,508,69.82,Critical Road Block
ia_100004887_png_jpg.rf.1b4340f52bb16d69331715163cb5b8dd.jpg,fallen_tree,0.699,4,17,635,573,88.94,Critical Road Block
3828_jpg.rf.d7a74763923430b8441f92646caac3cd.jpg,fallen_tree,0.469,3,203,560,437,59.73,Critical Road Block
3605_jpg.rf.1acadc70699771966f5e66115143cf45.jpg,fallen_tree,0.496,77,135,446,322,35.05,Critical Road Block
ia_400009824_png_jpg.rf.44cb44f573973f2056248faef4d771df.jpg,fallen_tree,0.689,0,3,567,483,66.96,Critical Road Block
ia_400009824_png_jpg.rf.44cb44f573973f2056248faef4d771df.jpg,fallen_tree,0.55,1,208,562,244,33.45,Critical Road Block
ia_400010020_png_jpg.rf.aa24a8b7219d2529ea2322d7e5a2fbfa.jpg,fallen_tree,0.571,6,8,278,487,33.06,Critical Road Block
172_jpg.rf.6f6803febff87e22112ef44be50163be.jpg,fallen_tree,0.766,5,161,603,438,64.53,Critical Road Block
ia_100000051_png_jpg.rf.a540edd916304875fef1812613e2b6a0.jpg,fallen_tree,0.692,6,93,547,517,68.99,Critical Road Block
319_jpg.rf.2c8c050f4bc634c4d09f9f22f4f8904c.jpg,fallen_tree,0.691,1,49,322,301,23.68,Major Road Block
4050_jpg.rf.e3cf84cc3a88d482f63d11003bf61ecc.jpg,fallen_tree,0.595,90,242,549,279,37.4,Critical Road Block
3455_jpg.rf.6abf0a320ca8e47f6542111f8e02f951.jpg,fallen_tree,0.567,409,75,227,270,14.97,Partial Road Block
3455_jpg.rf.6abf0a320ca8e47f6542111f8e02f951.jpg,fallen_tree,0.546,179,338,320,192,15.01,Major Road Block
3701_jpg.rf.b7fc15d75f1b0a6ab8e58c4b44d58771.jpg,fallen_tree,0.393,0,303,373,286,26.01,Major Road Block
Fallen_tree-136-_jpg.rf.33372c4d906f94ce5337e04d9cd5a5ed.jpg,fallen_tree,0.37,213,244,425,68,7.07,Partial Road Block
20211017_141148_jpg.rf.84b41347df29a483ba0d21d9e49a8f78.jpg,fallen_tree,0.782,19,311,604,289,42.66,Critical Road Block
ia_100002084_png_jpg.rf.a6740f37b4359fd36eb6747b3a629c6e.jpg,fallen_tree,0.845,0,92,639,455,71.04,Critical Road Block
ia_100000000281_png_jpg.rf.91fd703061d4616288ab15132658356d.jpg,fallen_tree,0.686,0,0,639,432,67.51,Critical Road Block
624_jpg.rf.d285083e05c9d223444ce8232072e18d.jpg,fallen_tree,0.403,1,244,623,396,60.16,Critical Road Block
624_jpg.rf.d285083e05c9d223444ce8232072e18d.jpg,fallen_tree,0.356,299,46,340,342,28.41,Major Road Block
ia_800002016_png_jpg.rf.fa5432e0e113f914ac877dfd0d2d2585.jpg,fallen_tree,0.731,0,114,638,430,67.07,Critical Road Block
3441_jpg.rf.d8b62346157539f8b85c3e956c6e07ea.jpg,fallen_tree,0.519,0,158,640,169,26.42,Major Road Block
4055_jpg.rf.33c4faddae1748924d27b9743912327e.jpg,fallen_tree,0.819,1,137,633,405,62.53,Critical Road Block
ia_800001116_png_jpg.rf.7db6659e9d48dfa655fd580ab85656c0.jpg,fallen_tree,0.743,1,6,623,574,87.18,Critical Road Block
ia_400009212_png_jpg.rf.1763112ed57f8fef9e51a7fe72936ca0.jpg,fallen_tree,0.655,75,337,395,302,29.12,Major Road Block
3388_jpg.rf.b944b70c6a9b2461366160147ca2b932.jpg,fallen_tree,0.562,279,173,361,358,31.54,Critical Road Block
3893_jpg.rf.02619276562a012a15b3f12e6e405419.jpg,fallen_tree,0.432,150,240,440,381,40.87,Critical Road Block
3893_jpg.rf.02619276562a012a15b3f12e6e405419.jpg,fallen_tree,0.386,2,386,568,254,35.24,Critical Road Block
3674_jpg.rf.c9d97de47e56f6164df3598d3aae9860.jpg,fallen_tree,0.655,1,0,638,619,96.36,Critical Road Block
3674_jpg.rf.c9d97de47e56f6164df3598d3aae9860.jpg,fallen_tree,0.455,248,0,392,620,59.26,Critical Road Block
3423_jpeg_jpg.rf.78d2701f34ab11c6ee9469f48f1d7ae5.jpg,fallen_tree,0.768,111,97,528,463,59.67,Critical Road Block
ia_400002085_png_jpg.rf.ca5277ec7652023b63c9f4156959bf82.jpg,fallen_tree,0.669,0,309,186,271,12.35,Partial Road Block
3437_jpg.rf.39d91e15e1ece11b5cfd4c3c0637e0b4.jpg,fallen_tree,0.714,0,104,639,480,74.87,Critical Road Block
3870_jpg.rf.3c7ddbab6049ada7bb6fa66651558f74.jpg,fallen_tree,0.581,76,498,554,142,19.24,Major Road Block
437_jpg.rf.41feaae58257bbdf81d69e7690434804.jpg,fallen_tree,0.606,196,124,392,146,13.95,Partial Road Block
437_jpg.rf.41feaae58257bbdf81d69e7690434804.jpg,fallen_tree,0.358,196,314,274,299,20.0,Major Road Block
3780_jpg.rf.eed1f0801b2a98fc57f91b66226f22e0.jpg,fallen_tree,0.804,1,242,639,394,61.4,Critical Road Block
ia_400002356_png_jpg.rf.c53cd369e50d41ffb1361c5824454e6e.jpg,fallen_tree,0.359,1,126,514,382,47.88,Critical Road Block
ia_400005964_png_jpg.rf.0879471f4b43e2ebb94dea37a9c6f8b4.jpg,fallen_tree,0.429,0,308,248,265,16.01,Major Road Block
ia_400006367_png_jpg.rf.ad4c714b95e7759db8c9edfe384113b8.jpg,fallen_tree,0.885,139,132,397,272,26.35,Major Road Block
ia_400007914_png_jpg.rf.1afa563dcb69896020c7d386efcd99ec.jpg,fallen_tree,0.914,0,155,569,389,54.15,Critical Road Block
3789_jpg.rf.5d21edfe18aaff98024e60c7fefe2988.jpg,fallen_tree,0.812,6,170,625,382,58.34,Critical Road Block
3668_jpg.rf.497ac4470d92575bd0d9093fd318aee7.jpg,fallen_tree,0.613,3,243,636,360,55.88,Critical Road Block
20211017_142845_jpg.rf.f79b606e62e6118ead2acc9ee46ea2ee.jpg,fallen_tree,0.519,6,243,633,215,33.2,Critical Road Block
3693_jpg.rf.33e8985f2dc81aff3f57e4b7d38147bd.jpg,fallen_tree,0.833,177,3,463,616,69.61,Critical Road Block
3644_jpg.rf.439cf7240007c94a853aa7208f8ee212.jpg,fallen_tree,0.905,1,0,637,430,66.81,Critical Road Block
3812_jpg.rf.804d07eac40fef05bfb1ea79c39a2ea5.jpg,fallen_tree,0.793,6,3,633,569,87.92,Critical Road Block
ia_400006368_png_jpg.rf.816629fb54eea2749023e52a8fa9553b.jpg,fallen_tree,0.665,241,241,310,197,14.91,Partial Road Block
ia_400006368_png_jpg.rf.816629fb54eea2749023e52a8fa9553b.jpg,fallen_tree,0.386,239,253,394,203,19.51,Major Road Block
ia_400003500_png_jpg.rf.63bd574be83c116131fcbe5a31b09374.jpg,fallen_tree,0.662,0,7,638,557,86.77,Critical Road Block
3732_jpg.rf.88b478b44f47bc088b7784302963d86b.jpg,fallen_tree,0.511,0,297,636,168,26.08,Major Road Block
ia_400002828_png_jpg.rf.ac45c73baf75e4680bb996dec2dfa283.jpg,fallen_tree,0.492,0,13,638,620,96.47,Critical Road Block
ia_800001118_png_jpg.rf.8552cc9ddce7dff131d6f3bd1e782928.jpg,fallen_tree,0.671,193,72,447,567,61.85,Critical Road Block
20210928_163456_jpg.rf.d441a804a54fc723ed452d650ab4656f.jpg,fallen_tree,0.769,15,258,615,218,32.68,Critical Road Block
ia_400004802_png_jpg.rf.bdbee5e1bfd1d3a3957961b922356a8d.jpg,fallen_tree,0.725,3,22,514,432,54.1,Critical Road Block
ia_400003891_png_jpg.rf.d83956afe6cfe75fea99bad08dbe20ec.jpg,fallen_tree,0.714,0,90,640,359,56.09,Critical Road Block
ia_400003891_png_jpg.rf.d83956afe6cfe75fea99bad08dbe20ec.jpg,fallen_tree,0.712,101,303,539,330,43.42,Critical Road Block
ia_400009817_png_jpg.rf.15a90db913ea6b2328822fd0028ab305.jpg,fallen_tree,0.749,153,297,351,242,20.7,Major Road Block
3933_jpg.rf.c5233581d41e6bfda6b986dfce661da4.jpg,fallen_tree,0.924,6,233,622,352,53.44,Critical Road Block
ia_400009409_png_jpg.rf.bf64198f4b0efc067e2eee15ee7e5d2b.jpg,fallen_tree,0.477,1,228,407,406,40.28,Critical Road Block
ia_100000000382_png_jpg.rf.a66b1f51f12005b8758a90c0b87d7c95.jpg,fallen_tree,0.695,77,74,496,537,65.04,Critical Road Block
ia_400009413_png_jpg.rf.af32fdeb920e9ad0d86d8744cfe8ebb3.jpg,fallen_tree,0.833,189,170,426,281,29.23,Major Road Block
ia_400006840_png_jpg.rf.422d242d40d49a32b12d89b9211f1a4e.jpg,fallen_tree,0.383,0,45,272,549,36.47,Critical Road Block
ia_400005490_png_jpg.rf.4db8da5696544db3813146afb545365b.jpg,fallen_tree,0.392,6,244,633,339,52.37,Critical Road Block
3903_jpg.rf.06fcdbef43ff9b46ff09a80c1aa21650.jpg,fallen_tree,0.637,193,26,446,589,64.19,Critical Road Block
3903_jpg.rf.06fcdbef43ff9b46ff09a80c1aa21650.jpg,fallen_tree,0.389,6,19,634,614,95.03,Critical Road Block
ia_100003273_png_jpg.rf.28dfb14b3a5759f8288381f2401bfbef.jpg,fallen_tree,0.562,5,242,569,259,36.03,Critical Road Block
3919_jpg.rf.18aa11bb62a7862b8e24754726f55740.jpg,fallen_tree,0.927,0,4,623,636,96.64,Critical Road Block
3896_jpg.rf.33d4174238f70c1cf1295887041fed05.jpg,fallen_tree,0.795,32,0,608,630,93.54,Critical Road Block
ia_400005275_png_jpg.rf.3868c6840923f3608fa353620c83dcb6.jpg,fallen_tree,0.548,316,187,323,449,35.47,Critical Road Block
3420_jpg.rf.e22a5aaad7ff7e7901ed46d73794881d.jpg,fallen_tree,0.872,5,219,635,411,63.67,Critical Road Block
3606_jpg.rf.41a0e1f12aea3f99333661d052399406.jpg,fallen_tree,0.633,14,120,613,288,43.04,Critical Road Block
ia_800002074_png_jpg.rf.768998d7e3b7ba4df051b2ef25bc1e79.jpg,fallen_tree,0.726,0,352,640,288,45.05,Critical Road Block
ia_800002074_png_jpg.rf.768998d7e3b7ba4df051b2ef25bc1e79.jpg,fallen_tree,0.438,0,215,639,425,66.25,Critical Road Block
ia_100000014916_png_jpg.rf.6481c115a12ebaa62d96fdf226e5458a.jpg,fallen_tree,0.44,16,309,530,248,32.05,Critical Road Block
ia_400007690_png_jpg.rf.5c0a2ddfd6fbf976ca5f08fa346244d3.jpg,fallen_tree,0.62,0,0,610,357,53.16,Critical Road Block
ia_400007690_png_jpg.rf.5c0a2ddfd6fbf976ca5f08fa346244d3.jpg,fallen_tree,0.368,0,3,639,633,98.76,Critical Road Block
ia_400007690_png_jpg.rf.5c0a2ddfd6fbf976ca5f08fa346244d3.jpg,fallen_tree,0.353,341,296,298,343,24.99,Major Road Block
376_jpg.rf.0a5f0d30ae28fef2def279fcaadcbee5.jpg,fallen_tree,0.657,356,1,284,194,13.44,Partial Road Block
3448_jpeg_jpg.rf.f56e1ca8033204b16923a532c5aefbe8.jpg,fallen_tree,0.787,145,145,488,291,34.62,Critical Road Block
8c3d9ba24e3153eabe57bd01362ce6bd_jpg.rf.68aade615f92378dfc6e87f082d20b8d.jpg,fallen_tree,0.411,74,123,509,464,57.75,Critical Road Block
ia_400010022_png_jpg.rf.23b2d31c85d987f37dc4a332a2f67afe.jpg,fallen_tree,0.74,40,208,599,420,61.46,Critical Road Block
Fallen_tree-104-_jpg.rf.f350d1f2896b7c5a004bb6c0d086cd99.jpg,fallen_tree,0.483,121,250,516,187,23.52,Major Road Block
ia_400005702_png_jpg.rf.4d93afae39c3fc941f66471554cabaa8.jpg,fallen_tree,0.354,0,324,630,91,14.05,Partial Road Block
3866_jpg.rf.9e17afebd006705d876948fd4e10d82d.jpg,fallen_tree,0.888,2,201,638,438,68.21,Critical Road Block
ia_100000000753_png_jpg.rf.326dd11655f80098abf58008d86f957c.jpg,fallen_tree,0.716,1,17,637,580,90.17,Critical Road Block
320_jpg.rf.6e0ba6431ac02e61c787d280ff7cc9dc.jpg,fallen_tree,0.813,1,1,460,408,45.85,Critical Road Block
ia_400005706_png_jpg.rf.f7f7e60e3da913acba2f224047487a32.jpg,fallen_tree,0.648,21,0,602,603,88.67,Critical Road Block
ia_100000017114_png_jpg.rf.623fddab5609531c1999a6c5383ec926.jpg,fallen_tree,0.79,27,16,608,571,84.71,Critical Road Block
Fallen_tree-122-_jpg.rf.468c5335f2318c0596bb6d0af6b355f0.jpg,fallen_tree,0.432,17,329,592,112,16.23,Major Road Block
174_jpg.rf.0721eec05410f8345c3d07b409edf7d7.jpg,fallen_tree,0.618,78,12,338,614,50.65,Critical Road Block
ia_400008574_png_jpg.rf.5fd4a67a009958bc889a072d3b1cc4f1.jpg,fallen_tree,0.455,107,62,513,575,72.06,Critical Road Block
3723_jpg.rf.70cfba8706320c7b341556f8b1c14c67.jpg,fallen_tree,0.636,1,12,638,627,97.7,Critical Road Block
690_jpg.rf.4cc908ae21c1649e064d0c9f94377b5f.jpg,fallen_tree,0.555,0,314,251,325,19.93,Major Road Block
3519_jpg.rf.98e04b3fda99462bed4613be70a49ceb.jpg,fallen_tree,0.749,251,347,334,155,12.66,Partial Road Block
IMG_20210928_102500_jpg.rf.008d131768f295f28a2e4061d7e044d1.jpg,fallen_tree,0.508,0,15,640,545,85.07,Critical Road Block
IMG_20210928_102500_jpg.rf.008d131768f295f28a2e4061d7e044d1.jpg,fallen_tree,0.435,0,180,640,314,49.0,Critical Road Block
ia_400004348_png_jpg.rf.204f2be119021fab40790c01502b8844.jpg,fallen_tree,0.817,0,333,616,307,46.2,Critical Road Block
ia_400005501_png_jpg.rf.a9efe5b29df21312f8d5de6bb4024da4.jpg,fallen_tree,0.519,65,248,482,225,26.44,Major Road Block
ia_800002071_png_jpg.rf.ed2bc1bc534c8c6fd995a58590ba8412.jpg,fallen_tree,0.633,1,172,432,274,28.88,Major Road Block
ia_800002024_png_jpg.rf.b0932be7a5da8c3574578d5f222b56b6.jpg,fallen_tree,0.51,82,42,553,594,80.28,Critical Road Block
240_jpg.rf.9dd2ca47b0b4a8b76787e117f90a9ede.jpg,fallen_tree,0.819,49,57,547,461,61.47,Critical Road Block
4009_jpg.rf.95b00d215d85a36b39d5d0336fc443ec.jpg,fallen_tree,0.689,0,205,638,257,40.04,Critical Road Block
3395_jpg.rf.862cefc38319c5d5791e2dc6dffea96f.jpg,fallen_tree,0.636,41,133,370,349,31.57,Critical Road Block
73604_jpg.rf.ffda32bc24e2c37e9b3fd707fd61268a.jpg,fallen_tree,0.631,25,8,551,624,84.03,Critical Road Block
653_jpg.rf.5fdc502c36863a18576fcecffdd22a16.jpg,fallen_tree,0.433,89,143,526,302,38.75,Critical Road Block
3411_jpg.rf.f5ecc33d4846119fa74f123f37b18d3b.jpg,fallen_tree,0.729,0,139,307,356,26.65,Major Road Block
3411_jpg.rf.f5ecc33d4846119fa74f123f37b18d3b.jpg,fallen_tree,0.4,304,259,336,282,23.11,Major Road Block
385_jpg.rf.3a43e8e9f3f15caf14f199bf48090515.jpg,fallen_tree,0.816,13,3,554,539,72.79,Critical Road Block
ia_400006378_png_jpg.rf.941f5007efaa0bf93925ffcec0953141.jpg,fallen_tree,0.567,0,0,630,591,90.85,Critical Road Block
ia_400007036_png_jpg.rf.26e32084e5354e5feb4d408d268a82c9.jpg,fallen_tree,0.496,190,330,450,267,29.31,Major Road Block
ia_400005484_png_jpg.rf.0f57803195de1532dbf9364e0ee5992c.jpg,fallen_tree,0.586,258,0,380,388,35.97,Critical Road Block
3974_jpg.rf.74fb32f9434dc7a698c0d19b4c490abc.jpg,fallen_tree,0.837,0,112,638,413,64.28,Critical Road Block
IMG_20210928_101820_jpg.rf.d1d709a1161f60f51600486d07ae3705.jpg,fallen_tree,0.791,22,158,616,230,34.63,Critical Road Block
3648_jpg.rf.62d32fdceacaeed9d100a057f80ed7f5.jpg,fallen_tree,0.867,0,50,640,494,77.16,Critical Road Block
IMG_0449_jpeg_jpg.rf.68b4cee427d1f4ade756275cd03e06a9.jpg,fallen_tree,0.434,54,254,527,192,24.72,Major Road Block
4027_jpg.rf.2f5bdf65a99dac3e7881ddaea93f6501.jpg,fallen_tree,0.352,1,298,628,334,51.24,Critical Road Block
3641_jpg.rf.c63fc73e60997d1412a685625eb7947d.jpg,fallen_tree,0.463,50,72,408,568,56.54,Critical Road Block
575_jpg.rf.7b265a3de591c2d3eb87d20ccbebc86e.jpg,fallen_tree,0.505,184,121,451,383,42.24,Critical Road Block
3623_jpg.rf.845d02d03e4b9d1483138f19582b364c.jpg,fallen_tree,0.779,242,108,398,480,46.62,Critical Road Block
ia_400008097_png_jpg.rf.cd8468dccf7539dcdc6b28b2d52d7c0e.jpg,fallen_tree,0.558,0,1,425,391,40.58,Critical Road Block
20210928_163042_jpg.rf.8755d343c27d60b04675898e8ed6ff0b.jpg,fallen_tree,0.608,147,197,405,259,25.6,Major Road Block
IMG_20210928_102513_jpg.rf.9f4a492fba92d7df98f7d469bf4678fe.jpg,fallen_tree,0.606,0,34,634,399,61.66,Critical Road Block
IMG_20210928_102513_jpg.rf.9f4a492fba92d7df98f7d469bf4678fe.jpg,fallen_tree,0.514,11,419,629,221,33.94,Critical Road Block
IMG_20210928_102513_jpg.rf.9f4a492fba92d7df98f7d469bf4678fe.jpg,fallen_tree,0.371,0,44,491,356,42.61,Critical Road Block
20210928_162529_jpg.rf.41099b28378441afd0d2abfa78a37faf.jpg,fallen_tree,0.507,62,135,578,390,55.07,Critical Road Block
20210928_162529_jpg.rf.41099b28378441afd0d2abfa78a37faf.jpg,fallen_tree,0.416,50,178,590,254,36.51,Critical Road Block
3593_jpg.rf.81753a446833527db1c4829d19bc2574.jpg,fallen_tree,0.85,4,158,634,390,60.32,Critical Road Block
3488_jpeg_jpg.rf.83430b1e187a9ae041805a069942fc85.jpg,fallen_tree,0.687,0,251,574,199,27.84,Major Road Block
ia_400006853_png_jpg.rf.9111c3da181f4891e072cc3fa6a96d57.jpg,fallen_tree,0.607,250,0,389,298,28.31,Major Road Block
ia_400006853_png_jpg.rf.9111c3da181f4891e072cc3fa6a96d57.jpg,fallen_tree,0.491,0,0,640,535,83.53,Critical Road Block
ia_400008323_png_jpg.rf.9f16bd2fcd5429b5fe056e56b51e161e.jpg,fallen_tree,0.701,0,284,640,297,46.41,Critical Road Block
ia_400003879_png_jpg.rf.88e150f0b4dfde141cb4b1b1fc3f8915.jpg,fallen_tree,0.609,67,0,485,629,74.54,Critical Road Block
ia_400003879_png_jpg.rf.88e150f0b4dfde141cb4b1b1fc3f8915.jpg,fallen_tree,0.42,204,22,336,608,49.84,Critical Road Block
ia_400003690_png_jpg.rf.0a1098742df47ffc86c383e21a55d3d1.jpg,fallen_tree,0.809,0,188,530,448,57.98,Critical Road Block
556_jpg.rf.36a3d40d43de129b024a47bf7b2d1b8a.jpg,fallen_tree,0.491,24,199,616,323,48.6,Critical Road Block
142_jpg.rf.95c32d4387d9f8e9f917e1a599218d11.jpg,fallen_tree,0.368,49,0,567,473,65.54,Critical Road Block
3634_jpg.rf.a023867af5a0d6c8954d73715e8a90d9.jpg,fallen_tree,0.722,1,202,404,230,22.65,Major Road Block
ia_400006184_png_jpg.rf.37b09a5febc29e6c4aaa0be96a44c161.jpg,fallen_tree,0.465,1,7,559,617,84.28,Critical Road Block
3923_jpg.rf.f827cc89e6c1c892a926ba320cb46c1d.jpg,fallen_tree,0.919,0,3,638,593,92.33,Critical Road Block
409_jpg.rf.0a60374152dc17a65b81d48da5e70a35.jpg,fallen_tree,0.643,340,389,285,251,17.45,Major Road Block
3503_jpg.rf.e617d58079f4066bcddaf39c76a7d0e5.jpg,fallen_tree,0.533,1,92,537,337,44.14,Critical Road Block
3503_jpg.rf.e617d58079f4066bcddaf39c76a7d0e5.jpg,fallen_tree,0.483,0,75,606,551,81.53,Critical Road Block
3801_jpg.rf.7335439295b8ec2ad72db691c27c7f72.jpg,fallen_tree,0.82,7,69,632,469,72.37,Critical Road Block
3390_jpg.rf.6234c19315ff3551a9b006c02ee5e2bc.jpg,fallen_tree,0.684,48,10,428,530,55.32,Critical Road Block
Fallen_tree-252-_jpg.rf.6de8245828a1c45bb9f5d40b3c449f30.jpg,fallen_tree,0.599,0,127,640,182,28.43,Major Road Block
ia_100000000319_png_jpg.rf.dae7ce3c7c79d6541a504682c6cd115e.jpg,fallen_tree,0.748,0,5,638,435,67.8,Critical Road Block
ia_400009415_png_jpg.rf.6302d19420703400efc0b2ca2ea60216.jpg,fallen_tree,0.622,37,0,598,596,87.01,Critical Road Block
ia_400009415_png_jpg.rf.6302d19420703400efc0b2ca2ea60216.jpg,fallen_tree,0.456,404,450,236,189,10.9,Partial Road Block
Fallen_tree-180-_jpg.rf.520a755f3b0837e5d07f86afab6fb995.jpg,fallen_tree,0.555,1,17,638,596,92.94,Critical Road Block
3745_jpg.rf.d0c83c0390afa481a1621d99d5ed845c.jpg,fallen_tree,0.809,0,143,491,496,59.49,Critical Road Block
159_jpg.rf.551837651d93fb26932420d232bd8642.jpg,fallen_tree,0.843,132,244,508,263,32.67,Critical Road Block
ia_400008322_png_jpg.rf.d81be2a40adee5c3e1ae0b62c59c5d74.jpg,fallen_tree,0.694,94,207,457,277,30.92,Critical Road Block
ia_100000000300_png_jpg.rf.30f54fca93c0850e406c1df56ed7607a.jpg,fallen_tree,0.782,0,124,640,491,76.73,Critical Road Block
3870_jpg.rf.a59e61fdb7752c85b9f4cc3878381c1e.jpg,fallen_tree,0.587,1,41,561,573,78.57,Critical Road Block
3870_jpg.rf.a59e61fdb7752c85b9f4cc3878381c1e.jpg,fallen_tree,0.501,120,484,514,156,19.51,Major Road Block
ia_800002332_png_jpg.rf.9b9d6c9166dcc7a723a287ea033dd7eb.jpg,fallen_tree,0.521,32,94,520,477,60.51,Critical Road Block
ia_400001619_png_jpg.rf.e7f692fe1b8abf1f21c8d034c814d6c2.jpg,fallen_tree,0.811,0,6,636,630,97.7,Critical Road Block
ia_400008107_png_jpg.rf.3c22c98fa8c9213b9a1f1f7aba577f75.jpg,fallen_tree,0.539,32,274,608,247,36.71,Critical Road Block
ia_400002350_png_jpg.rf.dfeb43c02129e4c3499f29a571605131.jpg,fallen_tree,0.501,33,155,601,447,65.54,Critical Road Block
ia_400000022_png_jpg.rf.c12da04aed948e4fe2029bfc1fa48091.jpg,fallen_tree,0.425,152,161,484,265,31.3,Critical Road Block
ia_400005712_png_jpg.rf.5aaeef4e66885b741e070912077682db.jpg,fallen_tree,0.706,2,78,547,519,69.24,Critical Road Block
3468_jpg.rf.04118ef5e7744c3a963c62e0d50776ee.jpg,fallen_tree,0.696,9,160,544,278,36.89,Critical Road Block
ia_100000056_png_jpg.rf.6fca124e460b8589bc994c5463d992bc.jpg,fallen_tree,0.495,30,57,609,428,63.67,Critical Road Block
3575_jpg.rf.8d360ef86f6695cbea05eab276749a5c.jpg,fallen_tree,0.759,61,169,393,180,17.29,Major Road Block
160_jpg.rf.84990163dfd12a076d6f55d948555fe3.jpg,fallen_tree,0.705,84,3,511,540,67.34,Critical Road Block
160_jpg.rf.84990163dfd12a076d6f55d948555fe3.jpg,fallen_tree,0.447,0,493,401,147,14.4,Partial Road Block
160_jpg.rf.84990163dfd12a076d6f55d948555fe3.jpg,fallen_tree,0.365,166,43,376,464,42.58,Critical Road Block
ia_400004792_png_jpg.rf.13d6a6a5037df3a8ccde9b152af05604.jpg,fallen_tree,0.648,198,82,440,487,52.39,Critical Road Block
ia_400004792_png_jpg.rf.13d6a6a5037df3a8ccde9b152af05604.jpg,fallen_tree,0.453,69,27,569,571,79.29,Critical Road Block
3878_jpg.rf.801f42c5cee29b74a637cff9af11caa5.jpg,fallen_tree,0.672,125,80,513,556,69.67,Critical Road Block
3499_jpg.rf.6f143f08bb124b87c3685f5e6a7a6eb7.jpg,fallen_tree,0.782,4,174,635,466,72.22,Critical Road Block
ia_400005955_png_jpg.rf.bcdc20b38b48fb83d55f4012b46bed6f.jpg,fallen_tree,0.71,33,0,477,485,56.47,Critical Road Block
638_jpg.rf.34b79c6213e1c45cd9c108d4ba414947.jpg,fallen_tree,0.702,0,332,554,307,41.6,Critical Road Block
3933_jpg.rf.e82c2b57ba7f50e0c5a1f8c891d8e4cf.jpg,fallen_tree,0.768,4,253,629,278,42.68,Critical Road Block
ia_100000014953_png_jpg.rf.4fc1e0a508c4740ae67906f50268f7a0.jpg,fallen_tree,0.685,22,171,615,355,53.37,Critical Road Block
ia_100000000366_png_jpg.rf.025bd3ad974d9c2b0a72ab0f5c533c49.jpg,fallen_tree,0.811,0,0,560,561,76.79,Critical Road Block
ia_800001128_png_jpg.rf.92308c4b7bb45a6d0a42d6d943f3e875.jpg,fallen_tree,0.462,0,47,637,572,88.98,Critical Road Block
ia_800001128_png_jpg.rf.92308c4b7bb45a6d0a42d6d943f3e875.jpg,fallen_tree,0.434,0,205,639,397,61.95,Critical Road Block
ia_400008969_png_jpg.rf.f6e840f00205751f8991798a21ad09b4.jpg,fallen_tree,0.577,97,96,218,143,7.64,Partial Road Block
ia_100000000245_png_jpg.rf.5471a53a39f853a9bb30c09ff5c51716.jpg,fallen_tree,0.824,192,11,447,454,49.54,Critical Road Block
No_tree-41-_jpg.rf.789926bf3a4bc1d8c207bcc8d1720aea.jpg,fallen_tree,0.452,417,171,222,258,14.02,Partial Road Block
3841_jpg.rf.951ad0a0809282b6add10e85172e935b.jpg,fallen_tree,0.8,2,136,319,456,35.53,Critical Road Block
3936_jpg.rf.d65c61b5e0abc5cf7790ff57dfdfd281.jpg,fallen_tree,0.821,3,147,568,418,57.94,Critical Road Block
3540_jpg.rf.f8dd23bd856f0be7fd3eff61df890c2a.jpg,fallen_tree,0.743,0,129,640,336,52.42,Critical Road Block
3843_jpg.rf.137c0ea5348600a46ae4a49039af501f.jpg,fallen_tree,0.537,219,131,369,347,31.29,Critical Road Block
ia_400008781_png_jpg.rf.d442c5fe2ab22cb10ac2833dd74cc2be.jpg,fallen_tree,0.469,162,2,301,433,31.77,Critical Road Block
466_jpg.rf.39efb72e0a818e5a382089c4b687ad18.jpg,fallen_tree,0.448,10,121,302,139,10.27,Partial Road Block
466_jpg.rf.39efb72e0a818e5a382089c4b687ad18.jpg,fallen_tree,0.437,451,479,189,124,5.69,Partial Road Block
ia_100000000161_png_jpg.rf.f794a26c2616a0e59263e3c8a97f4cb9.jpg,fallen_tree,0.601,75,199,483,164,19.3,Major Road Block
ia_100000014998_png_jpg.rf.2f66ab77892aced6ba9fbb86a43c1929.jpg,fallen_tree,0.903,1,4,638,581,90.6,Critical Road Block
3610_jpg.rf.3a9a3f50ca4f0f160d534f45f29191ee.jpg,fallen_tree,0.754,1,166,637,432,67.22,Critical Road Block
ia_400007025_png_jpg.rf.6612e4447fc77f6a721e28a6c747f94c.jpg,fallen_tree,0.816,143,280,412,254,25.59,Major Road Block
ia_400007025_png_jpg.rf.6612e4447fc77f6a721e28a6c747f94c.jpg,fallen_tree,0.657,0,7,423,261,26.97,Major Road Block
ia_400007025_png_jpg.rf.6612e4447fc77f6a721e28a6c747f94c.jpg,fallen_tree,0.361,0,102,219,164,8.77,Partial Road Block
3380_jpg.rf.eb910221cde5561f3afdc9607e6e9258.jpg,fallen_tree,0.447,114,51,503,379,46.5,Critical Road Block
ia_400006644_png_jpg.rf.9eb38936a65b2a56eb7237d106718b06.jpg,fallen_tree,0.871,2,127,583,463,65.93,Critical Road Block
ia_800000049_png_jpg.rf.117990cd1114fd5e16ae2ae6c2605d21.jpg,fallen_tree,0.564,127,237,513,215,26.89,Major Road Block
3972_jpg.rf.bd5e31a7317730ed0dacae79529da829.jpg,fallen_tree,0.701,180,124,426,399,41.57,Critical Road Block
ia_100000000295_png_jpg.rf.4e114c9e160f188180163386af0a65fd.jpg,fallen_tree,0.69,102,167,384,368,34.53,Critical Road Block
ia_400005969_png_jpg.rf.812e250f74494fc54c52f3e321d88b4d.jpg,fallen_tree,0.798,8,113,632,419,64.56,Critical Road Block
ia_400001165_png_jpg.rf.53f8044fa39dd337a0059e5142e794df.jpg,fallen_tree,0.721,0,93,637,534,82.97,Critical Road Block
ia_400006641_png_jpg.rf.2fdcd0eb11cc4c75c25fd893738c214e.jpg,fallen_tree,0.53,231,136,407,412,40.9,Critical Road Block
3910_jpg.rf.f17431e1141a5065eb391f64df13e0c5.jpg,fallen_tree,0.797,0,147,637,440,68.51,Critical Road Block
20211017_141142_jpg.rf.9eb9c656d61f9d157ba3f0080a878740.jpg,fallen_tree,0.452,1,233,623,183,27.8,Major Road Block
ia_400009551_png_jpg.rf.0afec2c629b14256bc6e5722665b8fe0.jpg,fallen_tree,0.734,11,1,568,639,88.53,Critical Road Block
616_jpg.rf.9ed64c12b9b75223a187a5e87de90933.jpg,fallen_tree,0.749,183,181,331,207,16.75,Major Road Block
3769_jpeg_jpg.rf.1d82e36bb48334850b6db56c4ed5a294.jpg,fallen_tree,0.758,0,192,639,447,69.73,Critical Road Block
3432_jpg.rf.26c54d0902c78c3e3be3a5546f9c2d4f.jpg,fallen_tree,0.796,8,93,630,534,82.11,Critical Road Block
ia_800002010_png_jpg.rf.3caed2a53fa061938307022133155f0f.jpg,fallen_tree,0.641,0,6,637,634,98.53,Critical Road Block
20210928_162059_jpg.rf.e0907795546c7ac32a5384808977e288.jpg,fallen_tree,0.671,282,401,319,170,13.27,Partial Road Block
20210928_162059_jpg.rf.e0907795546c7ac32a5384808977e288.jpg,fallen_tree,0.411,1,162,325,206,16.34,Major Road Block
283_jpg.rf.0a8cacdc00b835a3e309efbd9cc47fb4.jpg,fallen_tree,0.719,9,151,606,481,71.19,Critical Road Block
3398_jpg.rf.21964ab5314928c13cb1608bfb91e1e5.jpg,fallen_tree,0.807,2,1,635,610,94.64,Critical Road Block
3428_jpg.rf.7fb72136100c39ca6125d0406aa3d907.jpg,fallen_tree,0.588,4,330,480,309,36.23,Critical Road Block
3872_jpg.rf.59f3efeca119fde7976bbff9ca0be564.jpg,fallen_tree,0.544,3,55,315,548,42.17,Critical Road Block
ia_800000063_png_jpg.rf.734ea41ac58caabb80e0c74dc279f29b.jpg,fallen_tree,0.771,1,38,578,561,79.23,Critical Road Block
3828_jpg.rf.df0b325540eaf149945293bf5f6b3555.jpg,fallen_tree,0.672,24,214,506,426,52.64,Critical Road Block
3681_jpg.rf.a30cdfe621e92a22f410c7a92178ad13.jpg,fallen_tree,0.765,0,60,530,227,29.4,Major Road Block
ia_100000015488_png_jpg.rf.166ba32fc3b1fb0ee90810b7bd99a113.jpg,fallen_tree,0.825,60,218,510,375,46.71,Critical Road Block
306_jpg.rf.ce9bcfab3422b8da6aed84931ccd0da9.jpg,fallen_tree,0.519,0,213,295,417,29.98,Major Road Block
3558_jpg.rf.1a70969ea6c6e336cdcac914fa784e83.jpg,fallen_tree,0.742,80,223,367,189,16.95,Major Road Block
4027_jpg.rf.b2f173639c2dd9420a1d55cc7bf8367d.jpg,fallen_tree,0.517,0,200,635,397,61.6,Critical Road Block
4027_jpg.rf.b2f173639c2dd9420a1d55cc7bf8367d.jpg,fallen_tree,0.44,0,315,635,269,41.78,Critical Road Block
ia_800002235_png_jpg.rf.a653a0264f5119dd9a6d766f4dbe5ad2.jpg,fallen_tree,0.623,21,320,618,226,34.15,Critical Road Block
ia_100000015072_png_jpg.rf.d0557cda1b887954183b5e0db370cfd7.jpg,fallen_tree,0.831,0,3,639,624,97.27,Critical Road Block
ia_400006636_png_jpg.rf.b509069093262dc600f4102cab018802.jpg,fallen_tree,0.558,0,239,497,325,39.44,Critical Road Block
ia_800002078_png_jpg.rf.7b886bebd7b3b2fb05c79bc84826041f.jpg,fallen_tree,0.656,31,145,575,314,44.12,Critical Road Block
ia_100000001178_png_jpg.rf.2ae2fc26114343ee2b6367a3c2768ae4.jpg,fallen_tree,0.705,8,112,610,436,64.91,Critical Road Block
357_jpg.rf.eb64eb5e6b6d0e6fbe7f0b92b8db0e6f.jpg,fallen_tree,0.864,25,1,495,627,75.83,Critical Road Block
ia_400003486_png_jpg.rf.ad0b70808be32226afbeb7247b8aa405.jpg,fallen_tree,0.611,27,0,583,506,71.89,Critical Road Block
254_jpg.rf.e2056f3471daeec789d5d1420c027c86.jpg,fallen_tree,0.688,0,119,534,349,45.48,Critical Road Block
20211017_142014_jpg.rf.5198314c9077d1b8a3c0bcca84b7b01d.jpg,fallen_tree,0.736,0,252,630,278,42.76,Critical Road Block
3440_jpg.rf.b5e935965957fb5e063caef134ce24c8.jpg,fallen_tree,0.768,35,172,374,183,16.73,Major Road Block
3687_jpg.rf.d5428892b1d08e0c56b66f094ee4fff4.jpg,fallen_tree,0.809,0,56,633,308,47.56,Critical Road Block
20210928_102620_jpg.rf.6955a42d8feae32cd5cd16598be8cd7b.jpg,fallen_tree,0.625,30,250,535,128,16.67,Major Road Block
ia_800002018_png_jpg.rf.4f9edf4e9cff0ecf5344b75bc9edcddd.jpg,fallen_tree,0.891,12,4,625,629,95.97,Critical Road Block
3860_jpg.rf.8ac473ba41ecf24d2e3bf955a5c4545b.jpg,fallen_tree,0.744,165,1,475,417,48.28,Critical Road Block
3923_jpg.rf.e5840401a97fdb854d9aad839b039310.jpg,fallen_tree,0.844,0,126,632,391,60.42,Critical Road Block
578_jpg.rf.fe9d147d9bb17106c720c777661943bc.jpg,fallen_tree,0.738,0,274,426,150,15.63,Major Road Block
3956_jpg.rf.c4192c939f9413c8209b49af35d339d8.jpg,fallen_tree,0.66,10,20,630,556,85.51,Critical Road Block
IMG_0433_jpeg_jpg.rf.a63c89637b8004da0fcae39e535f0da2.jpg,fallen_tree,0.48,12,208,490,285,34.09,Critical Road Block
ia_100003349_png_jpg.rf.58438965ce4d77341618a5d54d945b42.jpg,fallen_tree,0.434,0,3,420,371,38.06,Critical Road Block
ia_100000017114_png_jpg.rf.e3187afd31cf411fe5bf44347e26e69a.jpg,fallen_tree,0.838,10,0,620,614,92.93,Critical Road Block
IMG_0460_jpeg_jpg.rf.e5093ff8ed27eda6a23a617f2898e2a3.jpg,fallen_tree,0.775,0,121,638,264,41.16,Critical Road Block
3822_jpeg_jpg.rf.7a367f5fb5d9b511f149fc52a1a0f4a4.jpg,fallen_tree,0.77,158,126,412,372,37.48,Critical Road Block
712_jpg.rf.e890f0404778b49b1742808226ef49bb.jpg,fallen_tree,0.801,179,113,366,298,26.62,Major Road Block
467_jpg.rf.1b4cbbf4c14d7fc602d40c5803c09bd3.jpg,fallen_tree,0.483,7,228,539,299,39.43,Critical Road Block
3432_jpg.rf.6b8da48681f6f42ae2783edb26a053fc.jpg,fallen_tree,0.63,82,115,545,516,68.63,Critical Road Block
3630_jpg.rf.9275748bc275f96841dc15f618b5757a.jpg,fallen_tree,0.454,126,72,514,486,60.9,Critical Road Block
ia_400003047_png_jpg.rf.816ceb6574bb0ec8570f023caa3ecab6.jpg,fallen_tree,0.392,138,125,423,481,49.64,Critical Road Block
ia_400006840_png_jpg.rf.1a3f9d59f5f0507d2410b3cc2a8baf82.jpg,fallen_tree,0.379,2,0,187,516,23.54,Major Road Block
ia_400008958_png_jpg.rf.485bedcadb6c4a2aedb19a1dd8164ddb.jpg,fallen_tree,0.71,0,1,639,425,66.27,Critical Road Block
ia_100000000167_png_jpg.rf.5ef1f309f1c54e4a0753be028d196c1d.jpg,fallen_tree,0.859,1,13,639,624,97.23,Critical Road Block
1668332050_1-1zoom-club-p-upavshee-derevo-koren-2_jpg.rf.a2621aeb96f0b13dcd32541c012d1c8b.jpg,fallen_tree,0.666,129,0,498,467,56.79,Critical Road Block
Fallen_tree-51-_jpg.rf.1b84f15fe4039d7c52bbc1ac1c39e47f.jpg,fallen_tree,0.781,145,238,454,248,27.47,Major Road Block
20210928_163148_jpg.rf.de21e419b43ca8a9cffb1869a1a599f9.jpg,fallen_tree,0.74,0,125,639,323,50.45,Critical Road Block
3432_jpg.rf.5b1f655f04a08abf7ae151ff0bb035a8.jpg,fallen_tree,0.799,5,106,632,526,81.1,Critical Road Block
316_jpg.rf.b0f1b82a980ddeafa045a84e4863de67.jpg,fallen_tree,0.661,35,301,487,141,16.82,Major Road Block
3452_jpg.rf.a9e5df863837dc8148aef6255555c072.jpg,fallen_tree,0.706,216,130,302,226,16.64,Major Road Block
3452_jpg.rf.a9e5df863837dc8148aef6255555c072.jpg,fallen_tree,0.686,1,167,536,472,61.79,Critical Road Block
3730_jpg.rf.f7f8adf375d99a204bd1dd9901508035.jpg,fallen_tree,0.658,177,417,459,219,24.53,Major Road Block
ia_400007296_png_jpg.rf.bb0f40bd15e0739105808694b23f3a6d.jpg,fallen_tree,0.517,1,0,597,500,72.88,Critical Road Block
20210928_162024_jpg.rf.1a59f2cb00f92a40a0480b6d273e4e60.jpg,fallen_tree,0.559,36,238,594,309,44.77,Critical Road Block
Fallen_tree-237-_jpg.rf.283b7ec5facd8824a1414faceb1143c3.jpg,fallen_tree,0.443,1,296,638,123,19.15,Major Road Block
3817_jpg.rf.e228f2c8df2caa717fd6e456e2c8fa6a.jpg,fallen_tree,0.537,46,108,592,525,75.91,Critical Road Block
3817_jpg.rf.e228f2c8df2caa717fd6e456e2c8fa6a.jpg,fallen_tree,0.373,61,122,574,350,49.04,Critical Road Block
3453_jpg.rf.b90cb44670fe342b8f4e2c24f5405949.jpg,fallen_tree,0.658,123,176,516,212,26.73,Major Road Block
732_jpg.rf.7d1d2783298167461a7afb0da3c9b97a.jpg,fallen_tree,0.523,373,336,237,117,6.76,Partial Road Block
IMG_20210928_102433_jpg.rf.3d742671f95ef8b2e5fecf152b2c30af.jpg,fallen_tree,0.743,3,213,637,344,53.54,Critical Road Block
ia_100005855_png_jpg.rf.853d2f374bffac0a16869f5e686abb53.jpg,fallen_tree,0.767,2,9,610,501,74.63,Critical Road Block
157_jpg.rf.643e3072d6a0098d4d6132cfe3acf00f.jpg,fallen_tree,0.791,216,148,218,352,18.7,Major Road Block
ia_800000065_png_jpg.rf.14f49dfb7744a941aeaef4ac21e1c0a7.jpg,fallen_tree,0.757,0,19,637,474,73.74,Critical Road Block
ia_100000000246_png_jpg.rf.59bf707c70a415e652f0ad550d4df0ab.jpg,fallen_tree,0.473,1,204,636,226,35.07,Critical Road Block
ia_100000000246_png_jpg.rf.59bf707c70a415e652f0ad550d4df0ab.jpg,fallen_tree,0.426,2,100,636,328,50.93,Critical Road Block
4096_jpg.rf.d13cff08935d43d7f2d13985aa1bf23e.jpg,fallen_tree,0.884,1,21,605,592,87.48,Critical Road Block
685_jpg.rf.597a236b25bc633b28be8023c35a9cf6.jpg,fallen_tree,0.566,63,138,465,322,36.54,Critical Road Block
3655_jpg.rf.e74654db4f6fddfc6145cfe6ae1c171f.jpg,fallen_tree,0.689,0,140,640,258,40.25,Critical Road Block
ia_100000000382_png_jpg.rf.98d4c5748a4d7d17362d9e0fde4c957d.jpg,fallen_tree,0.671,17,102,548,510,68.22,Critical Road Block
Hurricane-Fallen-Palm-Trees-3-_jpeg.rf.c8a16dc2900bcfa653bed6dd36b9d546.jpg,fallen_tree,0.385,45,126,530,378,48.94,Critical Road Block
571_jpg.rf.047ffa58b4c2ef16cc935475119668a9.jpg,fallen_tree,0.691,37,59,603,549,80.77,Critical Road Block
3796_jpg.rf.af71caceab69b9cb887baf2977059d99.jpg,fallen_tree,0.786,2,179,569,457,63.49,Critical Road Block
ia_800001116_png_jpg.rf.ec0055672dbc72027ac330d171dbec90.jpg,fallen_tree,0.763,0,10,638,565,88.12,Critical Road Block
3897_jpg.rf.9aad1781e987757ef69ec7ce6413951e.jpg,fallen_tree,0.871,54,219,585,420,60.05,Critical Road Block
ia_800001122_png_jpg.rf.501b67bcd2b61bd760532b4e4093d914.jpg,fallen_tree,0.708,3,64,637,316,49.09,Critical Road Block
512_jpg.rf.669945a8fa776a545a4579cac6d3fe48.jpg,fallen_tree,0.836,1,0,636,567,88.11,Critical Road Block
Fallen_tree-170-_jpg.rf.fcbbedde09d93ce3ad163e2779d52d4a.jpg,fallen_tree,0.391,2,410,638,136,21.25,Major Road Block
ia_100000000359_png_jpg.rf.9549618a825dba6dd7ebd9b0e2430ceb.jpg,fallen_tree,0.463,0,246,390,394,37.47,Critical Road Block
185_jpg.rf.cf0861aa8572d4b93783edf49a8ec3a8.jpg,fallen_tree,0.817,7,46,631,366,56.43,Critical Road Block
3604_jpg.rf.e2bb2efe4563d64687800706622309c8.jpg,fallen_tree,0.797,1,142,638,275,42.84,Critical Road Block
5884415_jpg.rf.a1ffba2d9a7d25abdd7ccf8020548a04.jpg,fallen_tree,0.689,41,0,419,451,46.11,Critical Road Block
ia_100000015146_png_jpg.rf.7f0fd013df2a84d54c76d96e0c600bdf.jpg,fallen_tree,0.705,66,195,560,237,32.44,Critical Road Block
244_jpg.rf.d29e7607ce03fd82b1c0bc244fcd7da0.jpg,fallen_tree,0.578,7,275,631,358,55.15,Critical Road Block
ia_400003707_png_jpg.rf.df0c4264b7528dbaf8253f7ccc9d07d0.jpg,fallen_tree,0.43,256,183,283,149,10.29,Partial Road Block
ia_400003707_png_jpg.rf.df0c4264b7528dbaf8253f7ccc9d07d0.jpg,fallen_tree,0.405,0,167,601,278,40.79,Critical Road Block
1_jpg.rf.9a574a778ffb60c204c48a0ef9d28038.jpg,fallen_tree,0.804,2,4,550,477,64.04,Critical Road Block
511_jpg.rf.4fe0b40e54f0750669fb6c37af1eace2.jpg,fallen_tree,0.653,1,2,545,637,84.74,Critical Road Block
3428_jpg.rf.e798f5756fc620366f5785249c7141de.jpg,fallen_tree,0.76,154,327,339,277,22.94,Major Road Block
ia_400009214_png_jpg.rf.f65ef6f27695c17eca4787d13b284370.jpg,fallen_tree,0.513,283,292,212,348,17.99,Major Road Block
436_jpg.rf.e60214b417d9173bfa95ba579789ebe5.jpg,fallen_tree,0.758,18,43,241,234,13.77,Partial Road Block
436_jpg.rf.e60214b417d9173bfa95ba579789ebe5.jpg,fallen_tree,0.674,29,345,294,287,20.58,Major Road Block
3697_jpg.rf.393c236bf0ae7a83e8ae6558d7708883.jpg,fallen_tree,0.371,12,179,433,235,24.86,Major Road Block
ia_400006849_png_jpg.rf.54a52ce8e777570a66e638144626b2b7.jpg,fallen_tree,0.708,2,0,463,603,68.17,Critical Road Block
3772_jpg.rf.ad1b1e625f1c95e51054240ee52194ae.jpg,fallen_tree,0.583,4,91,632,429,66.26,Critical Road Block
20211017_141013_jpg.rf.7346df2ce1e9b749a1661ad72ffe5063.jpg,fallen_tree,0.578,31,475,572,152,21.26,Major Road Block
20211017_141013_jpg.rf.7346df2ce1e9b749a1661ad72ffe5063.jpg,fallen_tree,0.499,15,490,565,112,15.51,Major Road Block
20211017_141013_jpg.rf.7346df2ce1e9b749a1661ad72ffe5063.jpg,fallen_tree,0.395,111,497,485,139,16.44,Major Road Block
ia_400005484_png_jpg.rf.f4c07e9075892ca17d5edcef26959252.jpg,fallen_tree,0.589,258,0,380,388,35.92,Critical Road Block
ia_400009556_png_jpg.rf.861925e0264fceed0d3d7b72c27e9c20.jpg,fallen_tree,0.732,12,253,517,280,35.38,Critical Road Block
ia_800002225_png_jpg.rf.db70a4f06a2b5e112a257198296a0be4.jpg,fallen_tree,0.736,1,165,639,258,40.17,Critical Road Block
3892_jpg.rf.ca31113b387b8a17b3eaea6fdab762fc.jpg,fallen_tree,0.821,1,0,627,575,88.03,Critical Road Block
ia_400006638_png_jpg.rf.875a5353d8bb925e025ccf4d880d80e9.jpg,fallen_tree,0.365,0,405,636,180,28.02,Major Road Block
ia_400006638_png_jpg.rf.875a5353d8bb925e025ccf4d880d80e9.jpg,fallen_tree,0.359,1,445,635,125,19.44,Major Road Block
ia_400009551_png_jpg.rf.143b08e64d97e87c64e378635658c365.jpg,fallen_tree,0.879,1,0,635,640,99.2,Critical Road Block
509_jpg.rf.23d2a4159b7ae6c399ff3e2b95c7a2b8.jpg,fallen_tree,0.764,0,29,624,606,92.35,Critical Road Block
678_jpg.rf.89b897de5d0e279df90717d5beec45c6.jpg,fallen_tree,0.81,8,410,215,135,7.11,Partial Road Block
678_jpg.rf.89b897de5d0e279df90717d5beec45c6.jpg,fallen_tree,0.62,409,215,228,123,6.87,Partial Road Block
4050_jpg.rf.fead5fd86db7bc5e4f58775bab072853.jpg,fallen_tree,0.715,97,205,543,383,50.78,Critical Road Block
4050_jpg.rf.fead5fd86db7bc5e4f58775bab072853.jpg,fallen_tree,0.352,95,255,545,265,35.19,Critical Road Block
ia_800000054_png_jpg.rf.55b29f94dc9ae29de2b0488552905588.jpg,fallen_tree,0.697,7,55,633,547,84.57,Critical Road Block
ia_400006845_png_jpg.rf.f8925400d665836853938d71f778b37f.jpg,fallen_tree,0.653,18,2,620,622,94.16,Critical Road Block
ia_400007287_png_jpg.rf.c50886b9e205cccbe6b1165b247201fb.jpg,fallen_tree,0.857,82,9,556,616,83.61,Critical Road Block
IMG_20210928_102724_jpg.rf.f60c71db78545c546c110d218acd7c49.jpg,fallen_tree,0.802,24,168,616,460,69.25,Critical Road Block
ia_400005957_png_jpg.rf.6936aa375a255b282e82fd83eff32550.jpg,fallen_tree,0.733,0,4,637,433,67.32,Critical Road Block
ia_400007296_png_jpg.rf.667d90ed19fa98767e173fe8fa34d9c7.jpg,fallen_tree,0.587,1,0,634,527,81.65,Critical Road Block
ia_400007296_png_jpg.rf.667d90ed19fa98767e173fe8fa34d9c7.jpg,fallen_tree,0.357,1,0,478,475,55.43,Critical Road Block
3742_jpg.rf.7a04152d57b808b199d6fc2b1c75d282.jpg,fallen_tree,0.713,0,104,640,363,56.77,Critical Road Block
maxresdefault-2_jpg.rf.66373ba1d803e0de1313946556150610.jpg,fallen_tree,0.6,243,285,396,355,34.36,Critical Road Block
ia_400008107_png_jpg.rf.b703e7e7b61507a55a43c33c002cf086.jpg,fallen_tree,0.67,37,229,602,310,45.59,Critical Road Block
3790_jpg.rf.92bb29e41195914c0c71e47024c359e5.jpg,fallen_tree,0.815,0,2,640,480,74.97,Critical Road Block
3459_jpg.rf.a9ddbd30fd5f0420503a44e5310c9ce8.jpg,fallen_tree,0.632,128,134,488,350,41.68,Critical Road Block
photo1-jpg-9b18e36025005de00e78bf8a7043758c-207669278_jpg.rf.c9fc03ce4c77a635d98d112efba445f6.jpg,fallen_tree,0.652,265,31,368,408,36.6,Critical Road Block
ia_400005717_png_jpg.rf.76fd40ab227f60893acb1eb8d115c6f2.jpg,fallen_tree,0.61,306,309,333,331,26.94,Major Road Block
174_jpg.rf.2885a7ff48d55931f8d86962747cd599.jpg,fallen_tree,0.534,95,64,282,571,39.31,Critical Road Block
466_jpg.rf.c92efb28118a1c3cc622823efad2e000.jpg,fallen_tree,0.766,381,515,258,123,7.77,Partial Road Block
466_jpg.rf.c92efb28118a1c3cc622823efad2e000.jpg,fallen_tree,0.569,18,98,309,119,8.97,Partial Road Block
ia_800000054_png_jpg.rf.c91cf860e5294be0002c49d5391558cf.jpg,fallen_tree,0.744,35,33,603,493,72.53,Critical Road Block
1649584387_19-vsegda-pomnim-com-p-upavshee-derevo-foto-19_jpg.rf.8523d1e05cd5e9a91eab8e5b5f538581.jpg,fallen_tree,0.681,1,12,589,494,71.13,Critical Road Block
ia_400004805_png_jpg.rf.71a4503d836afb085fad382dcb16d526.jpg,fallen_tree,0.845,110,200,490,347,41.47,Critical Road Block
ia_400009566_png_jpg.rf.85ff461f0762e319ae7ea86f489f021d.jpg,fallen_tree,0.431,139,277,501,362,44.25,Critical Road Block
ia_100000000161_png_jpg.rf.0423b843bdd7b3ddc0f211ce275d2af3.jpg,fallen_tree,0.556,81,217,480,130,15.21,Major Road Block
3386_jpg.rf.e636ed024d82024f83385529f9edbf0d.jpg,fallen_tree,0.675,171,168,432,269,28.36,Major Road Block
370_jpg.rf.ceeab0cd9bcce8dc8aa32627820ab49c.jpg,fallen_tree,0.529,181,189,255,216,13.4,Partial Road Block
3688_jpg.rf.d86a2de6e772cffaba314505dd8a121f.jpg,fallen_tree,0.865,37,209,602,429,63.06,Critical Road Block
ia_100000000321_png_jpg.rf.75cb510b25692afe4fd1da1c92af9dc6.jpg,fallen_tree,0.678,12,113,620,358,54.19,Critical Road Block
3662_jpg.rf.9252990dde1c066a3648ea90d69f3d08.jpg,fallen_tree,0.691,1,137,636,328,50.94,Critical Road Block
ia_800002362_png_jpg.rf.6a903b8fd0e0641fc810a13deab7e51c.jpg,fallen_tree,0.374,0,107,507,299,36.96,Critical Road Block
20210928_101752_jpg.rf.7fc309edfa050f8a0fa5e35acfb24ba9.jpg,fallen_tree,0.585,3,281,636,143,22.25,Major Road Block
20211017_141229_jpg.rf.0e72a20b28b8458f4c8c9e8397722754.jpg,fallen_tree,0.507,56,475,372,107,9.73,Partial Road Block
ia_100000000427_png_jpg.rf.8ef506c3fc0546e92d0814c8e1f39c11.jpg,fallen_tree,0.87,1,8,606,596,88.18,Critical Road Block
ia_400007034_png_jpg.rf.ea3c2ced8a5454f42bf2f49bd669edd6.jpg,fallen_tree,0.829,1,0,622,472,71.65,Critical Road Block
ia_400007038_png_jpg.rf.6e42a3ff1285356ae0c6e3b85852043d.jpg,fallen_tree,0.584,321,133,314,186,14.23,Partial Road Block
ia_400007038_png_jpg.rf.6e42a3ff1285356ae0c6e3b85852043d.jpg,fallen_tree,0.545,7,153,309,166,12.5,Partial Road Block
ia_400007038_png_jpg.rf.6e42a3ff1285356ae0c6e3b85852043d.jpg,fallen_tree,0.476,323,455,94,37,0.86,Minor Obstruction
ia_400007038_png_jpg.rf.6e42a3ff1285356ae0c6e3b85852043d.jpg,fallen_tree,0.412,324,505,312,127,9.63,Partial Road Block
ia_400007038_png_jpg.rf.6e42a3ff1285356ae0c6e3b85852043d.jpg,fallen_tree,0.362,326,436,115,61,1.7,Minor Obstruction
ia_400005957_png_jpg.rf.46fdf32cf917782b66937869b9bcf5bf.jpg,fallen_tree,0.55,1,14,610,326,48.62,Critical Road Block
ia_800001127_png_jpg.rf.686db3d521ba797810cf131b51cd9130.jpg,fallen_tree,0.648,46,0,586,576,82.49,Critical Road Block
ia_100000001230_png_jpg.rf.b8df1d4b217f541f8e4b4a30dc434ff0.jpg,fallen_tree,0.719,115,294,515,230,28.93,Major Road Block
1663927778_1-abrakadabra-fun-p-upavshee-derevo-koren-2-1-_jpg.rf.7a486523ce8d6b4a59a943440c721715.jpg,fallen_tree,0.408,127,199,461,441,49.6,Critical Road Block
ia_800000065_png_jpg.rf.cc7b214c1dbc95e8583d80fb70e43b5a.jpg,fallen_tree,0.819,0,3,638,517,80.55,Critical Road Block
ia_400008967_png_jpg.rf.20bd1dcec919a693b3c1128325ff8079.jpg,fallen_tree,0.784,3,134,603,373,54.92,Critical Road Block
598_jpg.rf.efd2ade94495d2f3c53bbc17a561ff11.jpg,fallen_tree,0.68,5,0,633,552,85.44,Critical Road Block
301_jpg.rf.cdde4413d91556d887227bbe29b6c604.jpg,fallen_tree,0.4,349,216,291,372,26.44,Major Road Block
4050_jpg.rf.10712893fdad8e3d5b7b9d08a7e0f707.jpg,fallen_tree,0.733,64,201,576,339,47.73,Critical Road Block
576_jpg.rf.e6853d4eceb79d40400ea6a4dded7ca6.jpg,fallen_tree,0.668,176,325,450,181,19.91,Major Road Block
3469_jpg.rf.d48fb3d6e7296791d2104be22769f4c6.jpg,fallen_tree,0.585,0,149,502,225,27.61,Major Road Block
ia_400007288_png_jpg.rf.19ab84849133adc7e4cb08d28c819c08.jpg,fallen_tree,0.849,23,9,488,613,72.94,Critical Road Block
3444_jpg.rf.522052cb07b3e858a841077ee09d8354.jpg,fallen_tree,0.775,4,2,615,491,73.69,Critical Road Block
ia_400006377_png_jpg.rf.3aa914a3c7b9a3f25df0a23a8d2d35c9.jpg,fallen_tree,0.61,107,280,532,360,46.73,Critical Road Block
ia_400006377_png_jpg.rf.3aa914a3c7b9a3f25df0a23a8d2d35c9.jpg,fallen_tree,0.533,334,99,305,281,20.92,Major Road Block
3911_jpg.rf.ca662b3065183b4a0417f2d457b4b539.jpg,fallen_tree,0.685,1,69,573,528,73.92,Critical Road Block
4001_jpg.rf.a014f4f724eb19b0bb646295c11eab79.jpg,fallen_tree,0.918,2,190,635,449,69.7,Critical Road Block
3455_jpg.rf.b36d9f0b2c133944be3e5045e99a5957.jpg,fallen_tree,0.643,178,327,324,196,15.53,Major Road Block
ia_100005873_png_jpg.rf.84358510e66a665c42275264bd9bd486.jpg,fallen_tree,0.365,0,139,282,452,31.11,Critical Road Block
IMG_0428_jpeg_jpg.rf.28ef5c8334ab23a12af80908375fa377.jpg,fallen_tree,0.622,32,9,608,351,52.11,Critical Road Block
Fallen_tree-219-_jpg.rf.9ca2183d6cf165e4c7c3c7c699c91b01.jpg,fallen_tree,0.6,231,267,407,141,13.97,Partial Road Block
Fallen_tree-219-_jpg.rf.9ca2183d6cf165e4c7c3c7c699c91b01.jpg,fallen_tree,0.45,235,257,322,139,10.87,Partial Road Block
ia_800002024_png_jpg.rf.0b76f635b6b359883884934be3099289.jpg,fallen_tree,0.407,84,27,553,610,82.29,Critical Road Block
koloss-green-tree-brown-wallpaper_jpg.rf.8627d88f0bab590943a26f6a0f0db7b4.jpg,fallen_tree,0.587,329,325,311,252,19.12,Major Road Block
Fallen_tree-153-_jpg.rf.2a64287f8a4de08f8d6e701e59ffb9dd.jpg,fallen_tree,0.514,61,3,497,433,52.59,Critical Road Block
3650_jpg.rf.161fbbd0cb81a6456e3ce50209a46342.jpg,fallen_tree,0.713,1,140,638,410,63.89,Critical Road Block
ia_800001121_png_jpg.rf.e1eb4676e79afa87ae355f9af2dd6fb2.jpg,fallen_tree,0.539,0,1,385,535,50.25,Critical Road Block
ia_800001121_png_jpg.rf.e1eb4676e79afa87ae355f9af2dd6fb2.jpg,fallen_tree,0.398,1,7,633,565,87.41,Critical Road Block
ia_800000043_png_jpg.rf.376d11b860b4ec6226d6206d77647bcb.jpg,fallen_tree,0.735,0,14,635,611,94.73,Critical Road Block
ia_100000043_png_jpg.rf.8b57d52273c890f5b73ba0f11d595536.jpg,fallen_tree,0.531,2,265,275,364,24.42,Major Road Block
ia_800001128_png_jpg.rf.42388414987df5ee009703dcee9c96e2.jpg,fallen_tree,0.391,0,63,630,555,85.34,Critical Road Block
3904_jpg.rf.c7041bd280e9e101d4a15b08bbc2e4c1.jpg,fallen_tree,0.837,4,3,609,481,71.51,Critical Road Block
3748_jpg.rf.ac9132f2e42cb5d15d6abd2fd9ee5703.jpg,fallen_tree,0.724,153,126,442,499,53.88,Critical Road Block
3807_jpg.rf.b7b2588922f5484d12ee63b8fb4a4970.jpg,fallen_tree,0.908,0,3,640,620,96.84,Critical Road Block
20211017_143222_jpg.rf.0e3436c5bb3a6df29c2acdeb3e0f66a3.jpg,fallen_tree,0.583,32,231,595,154,22.42,Major Road Block
ia_400005283_png_jpg.rf.de85e352673ac8bb9b03d1bff08b2e8c.jpg,fallen_tree,0.771,1,31,527,456,58.69,Critical Road Block
20210928_102445_jpg.rf.9383e9e71e29f56d186c749cbf668c24.jpg,fallen_tree,0.681,142,205,387,380,35.9,Critical Road Block
ia_800002246_png_jpg.rf.36318fb12321eff20e1588f22bdbfb80.jpg,fallen_tree,0.84,7,0,631,616,94.87,Critical Road Block
3436_jpeg_jpg.rf.1421674c96443e6c5c41d7cf632bbbad.jpg,fallen_tree,0.399,2,255,442,146,15.75,Major Road Block
3751_jpg.rf.dd995622ee47ab424138294c2ea2e89b.jpg,fallen_tree,0.718,0,0,640,346,54.07,Critical Road Block
ia_400005485_png_jpg.rf.cbfc977384c10049a8b8fdf461039079.jpg,fallen_tree,0.674,170,21,470,473,54.21,Critical Road Block
ia_400007688_png_jpg.rf.a55f5812839cbe9bdb520f091187eca9.jpg,fallen_tree,0.796,0,133,317,184,14.2,Partial Road Block
436_jpg.rf.f4270f8f006fa33f53a52db717180753.jpg,fallen_tree,0.76,29,327,304,293,21.78,Major Road Block
436_jpg.rf.f4270f8f006fa33f53a52db717180753.jpg,fallen_tree,0.532,20,17,255,254,15.8,Major Road Block
436_jpg.rf.f4270f8f006fa33f53a52db717180753.jpg,fallen_tree,0.46,24,24,141,163,5.61,Partial Road Block
3743_jpg.rf.e34055ee0022fb0f7f3fe98d97ef5738.jpg,fallen_tree,0.666,3,166,630,361,55.47,Critical Road Block
20210928_163122_jpg.rf.f048b9be06d1439113908d0c9fe71701.jpg,fallen_tree,0.368,251,451,262,189,12.1,Partial Road Block
3835_jpg.rf.6da1e165585e805d414cc23b764eb76f.jpg,fallen_tree,0.758,0,282,313,350,26.67,Major Road Block
ia_400005967_png_jpg.rf.30986eb3c432c6b58aff52b2c11efa23.jpg,fallen_tree,0.807,0,179,630,460,70.72,Critical Road Block
3648_jpg.rf.a952379e1fef2b2b214a121c1dcb09ea.jpg,fallen_tree,0.781,0,107,640,350,54.62,Critical Road Block
20210928_101833_jpg.rf.e915c990c66056ec8e2722c2d7c220ad.jpg,fallen_tree,0.756,0,169,638,252,39.33,Critical Road Block
3378_jpg.rf.e4998a05be19ce9d7c43319d70d15ae8.jpg,fallen_tree,0.917,1,0,639,627,97.88,Critical Road Block
ia_800002089_png_jpg.rf.1d7655ea8aef21a9ebecb8e95bfc5eae.jpg,fallen_tree,0.836,0,2,640,613,95.81,Critical Road Block
281_jpg.rf.95cdfe973d130a3d09b73c061a6a393f.jpg,fallen_tree,0.704,0,3,633,465,71.9,Critical Road Block
3480_jpg.rf.2adf550aa265377801b57950b247b7d9.jpg,fallen_tree,0.773,0,127,445,275,29.87,Major Road Block
ia_400008784_png_jpg.rf.951dbc44cbf73e90a89b57339e6d11cd.jpg,fallen_tree,0.516,373,422,267,205,13.38,Partial Road Block
1670675923_priroda-club-p-povalennoe-derevo-krasivo-foto-7-1-_jpg.rf.92c38efb569c9f5153fbfda360f8f9ad.jpg,fallen_tree,0.618,237,297,293,187,13.36,Partial Road Block
185_jpg.rf.5807394becfdb2ee47c76d83bf2fc43e.jpg,fallen_tree,0.753,0,86,634,315,48.72,Critical Road Block
3893_jpg.rf.27e2547de0b15456a3384612c7183b3f.jpg,fallen_tree,0.363,168,238,470,366,42.01,Critical Road Block
ia_100003360_png_jpg.rf.93bd79b16daca18299f128d3e8ef00a7.jpg,fallen_tree,0.808,0,109,640,530,82.81,Critical Road Block
3825_jpg.rf.8cb84b3a2dceb3d2b9d985f493c182e9.jpg,fallen_tree,0.76,13,29,627,606,92.68,Critical Road Block
3755_jpg.rf.de5be4e8e0a4337000ca1848d3360807.jpg,fallen_tree,0.74,3,114,637,524,81.49,Critical Road Block
3376_jpeg_jpg.rf.873623b9fe4179ce6356faf52e80ee75.jpg,fallen_tree,0.41,12,226,563,260,35.73,Critical Road Block
ia_800002188_png_jpg.rf.8638610eb02d926e8f1061217ac9f5c2.jpg,fallen_tree,0.886,61,108,579,530,74.96,Critical Road Block
258_jpg.rf.1a4facf5444b06c14adfb18fd4ed23e4.jpg,fallen_tree,0.844,0,298,350,321,27.45,Major Road Block
161_jpg.rf.29b234d771ad499575ee73a0b819adcc.jpg,fallen_tree,0.802,3,59,636,559,86.85,Critical Road Block
ia_800002188_png_jpg.rf.6fc4a5bfeef0939eef79c1aa268adcf3.jpg,fallen_tree,0.797,13,132,627,507,77.6,Critical Road Block
513_jpg.rf.e29191e65c04f7877bb60ea06611309f.jpg,fallen_tree,0.909,17,416,144,119,4.19,Minor Obstruction
513_jpg.rf.e29191e65c04f7877bb60ea06611309f.jpg,fallen_tree,0.678,356,332,230,268,15.03,Major Road Block
3440_jpg.rf.30be60a399f6d453036d17161d290734.jpg,fallen_tree,0.567,6,190,395,169,16.35,Major Road Block
ia_100000017114_png_jpg.rf.2210ebe2d040c2b0324b8485ff5db3fd.jpg,fallen_tree,0.879,37,4,598,622,90.69,Critical Road Block
ia_800002083_png_jpg.rf.c6ff84d6dd67c52da635d4d81a62a6fb.jpg,fallen_tree,0.713,0,97,639,541,84.41,Critical Road Block
original-1-_jpg.rf.6a31353c934cbe61fdda0f20f7bf1793.jpg,fallen_tree,0.731,0,91,616,450,67.58,Critical Road Block
527_jpg.rf.b76bad927fc660c23d8e1d01d14ba04e.jpg,fallen_tree,0.641,19,57,616,583,87.6,Critical Road Block
659_jpg.rf.2224c46f2cf08541476369b8b3399dd3.jpg,fallen_tree,0.717,5,2,597,623,90.74,Critical Road Block
20211017_143228_jpg.rf.df580431b48111304d59da416942b378.jpg,fallen_tree,0.786,1,237,639,396,61.81,Critical Road Block
20211017_143228_jpg.rf.df580431b48111304d59da416942b378.jpg,fallen_tree,0.482,63,113,577,303,42.66,Critical Road Block
ia_400008327_png_jpg.rf.ea57dc678a57c320035a18df5ab98e03.jpg,fallen_tree,0.602,38,15,583,468,66.63,Critical Road Block
ia_400003708_png_jpg.rf.73bf5dabe4f7d68c4f92461643059d53.jpg,fallen_tree,0.667,114,1,472,533,61.44,Critical Road Block
ia_400009415_png_jpg.rf.5d730b07eecc18310db35b5d2eea6180.jpg,fallen_tree,0.487,4,0,633,623,96.25,Critical Road Block
3760_jpg.rf.d6f691def334046f3fcf6da0135e4e79.jpg,fallen_tree,0.417,0,5,621,610,92.58,Critical Road Block
ia_400008101_png_jpg.rf.3e3c796d3810103a9d0b80cf7ce512aa.jpg,fallen_tree,0.415,177,2,377,572,52.59,Critical Road Block
334_jpg.rf.92492611ae0295bb77f9f695a23e982f.jpg,fallen_tree,0.824,328,437,307,195,14.58,Partial Road Block
334_jpg.rf.92492611ae0295bb77f9f695a23e982f.jpg,fallen_tree,0.587,9,333,305,303,22.63,Major Road Block
334_jpg.rf.92492611ae0295bb77f9f695a23e982f.jpg,fallen_tree,0.511,94,424,220,209,11.26,Partial Road Block
334_jpg.rf.92492611ae0295bb77f9f695a23e982f.jpg,fallen_tree,0.484,338,13,299,287,20.95,Major Road Block
334_jpg.rf.92492611ae0295bb77f9f695a23e982f.jpg,fallen_tree,0.391,336,111,299,191,13.96,Partial Road Block
ia_100000000362_png_jpg.rf.548735a84c227db0145de18fe99e884a.jpg,fallen_tree,0.495,29,34,383,559,52.19,Critical Road Block
ia_400002527_png_jpg.rf.871bd7af519eaeaa71ad4d232887b167.jpg,fallen_tree,0.504,0,409,599,227,33.11,Critical Road Block
ia_400002527_png_jpg.rf.871bd7af519eaeaa71ad4d232887b167.jpg,fallen_tree,0.389,163,3,286,446,31.12,Critical Road Block
ia_400005289_png_jpg.rf.78d7d0bd15475d793d78d87168288d73.jpg,fallen_tree,0.81,118,0,376,609,55.95,Critical Road Block
3611_jpg.rf.cb56edefb11fc466ec329c6fc3016545.jpg,fallen_tree,0.817,0,1,640,327,51.13,Critical Road Block
540_jpg.rf.b625877683cc427bdfc8581d21ca2b4c.jpg,fallen_tree,0.488,94,345,530,295,38.19,Critical Road Block
540_jpg.rf.b625877683cc427bdfc8581d21ca2b4c.jpg,fallen_tree,0.466,0,2,640,303,47.37,Critical Road Block
Fallen_tree-31-_jpg.rf.bdeaecbc5ca1b4ceb34ebbb2819babe6.jpg,fallen_tree,0.58,0,122,640,359,56.06,Critical Road Block
IMG_0482_jpeg_jpg.rf.ef61363c99aec2637b22e60c87f8bb76.jpg,fallen_tree,0.408,3,143,637,335,52.15,Critical Road Block
273_jpg.rf.b525cf71f4122a4c4f9202f0a5c324dd.jpg,fallen_tree,0.669,0,211,503,161,19.83,Major Road Block
3921_jpg.rf.c502330f59301fd482925c5e35fdbb6c.jpg,fallen_tree,0.635,17,94,567,409,56.63,Critical Road Block
IMG_0429_jpeg_jpg.rf.dd463253887161a9430f840f0057bc05.jpg,fallen_tree,0.87,32,96,603,362,53.37,Critical Road Block
659_jpg.rf.fd4c1a5f5b7ce6de82e75df3f908a56a.jpg,fallen_tree,0.62,63,58,568,526,72.97,Critical Road Block
San-Juan-Hurricane-Damage_webp.rf.7ef113f844a68d7cae0d4ba60ed69e2b.jpg,fallen_tree,0.847,16,22,610,615,91.57,Critical Road Block
Fallen_tree-188-_jpg.rf.0318b6884558d8446170c35934377288.jpg,fallen_tree,0.431,256,183,283,149,10.28,Partial Road Block
Fallen_tree-188-_jpg.rf.0318b6884558d8446170c35934377288.jpg,fallen_tree,0.404,0,167,601,278,40.79,Critical Road Block
ia_400001620_png_jpg.rf.02b73d3b3d23ec382a9eb322d1851fec.jpg,fallen_tree,0.447,319,356,172,240,10.06,Partial Road Block
3924_jpg.rf.e15fd1fca5bec29b91547674605e018a.jpg,fallen_tree,0.404,17,16,623,609,92.72,Critical Road Block
3882_jpg.rf.2bef86f680dc7eb40102cab3b53c0cb2.jpg,fallen_tree,0.751,1,35,638,496,77.29,Critical Road Block
ia_400010024_png_jpg.rf.f96ff40566c79548411e2ad87cb52547.jpg,fallen_tree,0.734,202,185,438,441,47.23,Critical Road Block
ia_400010024_png_jpg.rf.f96ff40566c79548411e2ad87cb52547.jpg,fallen_tree,0.375,5,11,632,603,93.1,Critical Road Block
3745_jpg.rf.0d40db1f40073970257bbdd3873ce4dc.jpg,fallen_tree,0.822,0,157,475,479,55.55,Critical Road Block
253_jpg.rf.c3bdbe3d8e3268bfb2ce2cdbb301ddd5.jpg,fallen_tree,0.587,17,284,570,219,30.54,Critical Road Block
192_jpg.rf.7852636a16dc03fa2c6d8a67ff4dc30b.jpg,fallen_tree,0.542,11,43,509,459,57.02,Critical Road Block
20211012_090435_jpg.rf.de8f2b1aab67dccdfaea5c2b41e18f2a.jpg,fallen_tree,0.391,253,368,387,221,20.89,Major Road Block
20211017_141320_jpg.rf.b1c20472277a367befe344839dfe444d.jpg,fallen_tree,0.705,16,414,336,160,13.14,Partial Road Block
20211017_141320_jpg.rf.b1c20472277a367befe344839dfe444d.jpg,fallen_tree,0.491,263,291,365,205,18.23,Major Road Block
20211017_141320_jpg.rf.b1c20472277a367befe344839dfe444d.jpg,fallen_tree,0.357,237,171,400,200,19.48,Major Road Block
3592_jpg.rf.a31da1bd952153be4c45d71347e68011.jpg,fallen_tree,0.757,8,97,605,431,63.67,Critical Road Block
3598_jpg.rf.4f84770de2948566083ee3033f6e0881.jpg,fallen_tree,0.687,0,327,638,256,39.79,Critical Road Block
tree-gfae7aa609_1920-1-_jpg.rf.b09a8afc4bfb843c00a7bb405f00dbe3.jpg,fallen_tree,0.551,51,73,586,416,59.56,Critical Road Block
ia_100000000418_png_jpg.rf.9bb3c38219159c63e1208f0f21b4ee46.jpg,fallen_tree,0.625,62,7,575,601,84.32,Critical Road Block
3597_jpg.rf.8ad6055ec0a83866761a7c49b4dc3688.jpg,fallen_tree,0.628,8,134,597,368,53.71,Critical Road Block
20210928_164258_jpg.rf.61a34ddc02beb862f6e6e2dd2cf73b04.jpg,fallen_tree,0.659,1,183,626,232,35.51,Critical Road Block
3759_jpg.rf.702e5be7dfb95f9aa45c0ce8c3932db6.jpg,fallen_tree,0.834,159,207,480,426,49.87,Critical Road Block
ia_400003225_png_jpg.rf.20d5f1f7b4d32daf7a537300911d6432.jpg,fallen_tree,0.64,0,56,640,323,50.47,Critical Road Block
ia_400003225_png_jpg.rf.20d5f1f7b4d32daf7a537300911d6432.jpg,fallen_tree,0.433,135,422,349,135,11.47,Partial Road Block
ia_800002014_png_jpg.rf.e2a1a9f3985347fd40bc651e49bb9940.jpg,fallen_tree,0.861,3,0,627,633,96.83,Critical Road Block
ia_100000014968_png_jpg.rf.3f8909cc991316c78aea89d011daeba2.jpg,fallen_tree,0.582,43,157,524,297,37.93,Critical Road Block
ia_100000014968_png_jpg.rf.3f8909cc991316c78aea89d011daeba2.jpg,fallen_tree,0.433,55,189,449,239,26.23,Major Road Block
ia_100000000319_png_jpg.rf.a40cb623853dfdb2f362cc1a87924601.jpg,fallen_tree,0.635,1,4,614,417,62.54,Critical Road Block
3460_jpg.rf.83ab24df3dcac1e4361c0a3f6646612f.jpg,fallen_tree,0.601,0,84,639,347,54.17,Critical Road Block
ia_100000000198_png_jpg.rf.853a9f9b94a5908d13903919f55dddbf.jpg,fallen_tree,0.448,246,451,393,187,17.9,Major Road Block
ia_400009828_png_jpg.rf.beb81b3e404c50ef8a7099f82e5e4ea8.jpg,fallen_tree,0.599,212,160,428,469,48.97,Critical Road Block
283_jpg.rf.d4782c0e660248c3c5e4a1592746483f.jpg,fallen_tree,0.799,85,113,542,526,69.61,Critical Road Block
721_jpg.rf.ed4edcde5213f8d7fbe65c9eaa8fbe13.jpg,fallen_tree,0.629,10,295,522,234,29.82,Major Road Block
3658_jpg.rf.e6b0b991494a8dd270fa46026685f491.jpg,fallen_tree,0.849,1,4,635,624,96.69,Critical Road Block
732_jpg.rf.d59e281863e5b91963c214d107586a51.jpg,fallen_tree,0.495,22,409,282,111,7.64,Partial Road Block
ia_800000086_png_jpg.rf.9a3d53370cc86ad3e5f90edda7bb3030.jpg,fallen_tree,0.521,89,165,544,293,38.94,Critical Road Block
3767_jpg.rf.c2cc3c75d4a0d22730626f0c8114c07e.jpg,fallen_tree,0.792,3,1,636,494,76.74,Critical Road Block
3792_jpg.rf.dfd557b8dffdde04337cc6ab3108851a.jpg,fallen_tree,0.496,5,233,272,407,27.08,Major Road Block
3792_jpg.rf.dfd557b8dffdde04337cc6ab3108851a.jpg,fallen_tree,0.45,434,294,204,150,7.45,Partial Road Block
4040_jpg.rf.1ff419a30d3cb529b19741fd26dbd093.jpg,fallen_tree,0.36,111,238,522,249,31.74,Critical Road Block
ia_400010257_png_jpg.rf.7697632b647273cf828366c7ad0dd605.jpg,fallen_tree,0.516,1,63,592,577,83.36,Critical Road Block
3899_jpg.rf.75ee6c797442bb884fc2d8e8b100ad55.jpg,fallen_tree,0.797,2,9,638,510,79.5,Critical Road Block
153_jpg.rf.a3e9979b51bf84dcad70ef807341a06d.jpg,fallen_tree,0.607,1,77,310,311,23.55,Major Road Block
ia_400008113_png_jpg.rf.1ac921c00c380f80b235b7bb7b494129.jpg,fallen_tree,0.671,138,10,499,570,69.48,Critical Road Block
ia_400005949_png_jpg.rf.ccb1b634fd43b2d03e36e19d6c03070c.jpg,fallen_tree,0.368,0,385,194,255,12.08,Partial Road Block
ia_800002073_png_jpg.rf.42c8ba906a62115a652988012b87f90a.jpg,fallen_tree,0.646,0,192,640,374,58.48,Critical Road Block
ia_100000014998_png_jpg.rf.c726c24e4b5f5c78f04ca0161c6920db.jpg,fallen_tree,0.815,22,0,617,588,88.45,Critical Road Block
ia_400005295_png_jpg.rf.99702299a80c41c28950cc9621c2920c.jpg,fallen_tree,0.622,276,3,364,447,39.7,Critical Road Block
ia_400005295_png_jpg.rf.99702299a80c41c28950cc9621c2920c.jpg,fallen_tree,0.439,260,422,370,218,19.71,Major Road Block
3610_jpg.rf.f75f6fd08856cccc861ee012a035d43c.jpg,fallen_tree,0.764,1,68,639,566,88.31,Critical Road Block
3_jpg.rf.f4fb3c71e2aa03b2c11aaf9f88ec538c.jpg,fallen_tree,0.801,1,1,544,556,73.83,Critical Road Block
631_jpg.rf.23d364e197e42c3669668a1509b2181f.jpg,fallen_tree,0.745,1,40,577,404,56.86,Critical Road Block
ia_400006368_png_jpg.rf.448ffae51039ddafe4fd2fca33c939f9.jpg,fallen_tree,0.551,197,149,443,367,39.74,Critical Road Block
3853_jpg.rf.ce52ec120dbdb92d8655b5dc7c6f12c4.jpg,fallen_tree,0.698,3,126,612,359,53.66,Critical Road Block
3427_jpg.rf.d0a3d2047b42ca70a9444fe1965273c1.jpg,fallen_tree,0.684,0,252,628,326,49.93,Critical Road Block
3897_jpg.rf.391d36aa123a5e4aed392efbef9f314f.jpg,fallen_tree,0.474,80,224,500,416,50.81,Critical Road Block
3434_jpg.rf.d503261d444cfb83c5a599d142dae05c.jpg,fallen_tree,0.446,113,270,320,278,21.67,Major Road Block
3610_jpg.rf.7cc61fba28e93cf9a04311346f00574f.jpg,fallen_tree,0.707,0,152,634,429,66.33,Critical Road Block
3738_jpg.rf.380dd73f6588352022b8bf4e723e3bee.jpg,fallen_tree,0.745,5,0,634,235,36.3,Critical Road Block
ia_100000015146_png_jpg.rf.3d2968de4e0ed24ae7a90b38ec2d9da6.jpg,fallen_tree,0.772,37,169,588,272,39.01,Critical Road Block
419_jpg.rf.0d9adf8319c8ed15302c345d773f930c.jpg,fallen_tree,0.759,0,0,633,308,47.62,Critical Road Block
3741_jpg.rf.41e02bd9dca53fe5ed3489063e6d9e51.jpg,fallen_tree,0.894,0,7,639,576,89.9,Critical Road Block
20211017_143344_jpg.rf.c2be73c76db00bf3979c1ba8ce5e552d.jpg,fallen_tree,0.492,19,238,584,221,31.52,Critical Road Block
IMG_0479_jpeg_jpg.rf.7cf0f90673105799b7958f4925b29979.jpg,fallen_tree,0.744,18,174,610,159,23.77,Major Road Block
IMG_0479_jpeg_jpg.rf.7cf0f90673105799b7958f4925b29979.jpg,fallen_tree,0.476,9,288,416,192,19.53,Major Road Block
ia_800002024_png_jpg.rf.71358d0a8f2f922785fb3c80d5500e34.jpg,fallen_tree,0.49,92,14,545,601,79.92,Critical Road Block
3594_jpg.rf.878f088c8edb578540e3061eeee6d270.jpg,fallen_tree,0.671,0,49,635,392,60.83,Critical Road Block
3403_jpg.rf.d02535f2e587b5d0c54ea6482367d243.jpg,fallen_tree,0.404,13,204,585,181,25.9,Major Road Block
3540_jpg.rf.addd0b0926e46e2c0d04842e1a3a017d.jpg,fallen_tree,0.706,1,68,639,421,65.59,Critical Road Block
ia_400009205_png_jpg.rf.330e70d10a1b1533675464ee7e30b043.jpg,fallen_tree,0.727,115,120,481,406,47.64,Critical Road Block
Fallen_tree-302-_jpg.rf.d34b045f634c8e86bf4106ae0fe9a75e.jpg,fallen_tree,0.564,98,248,538,214,28.09,Major Road Block
3617_jpg.rf.d4d865dfe397ad7dd53aec0f80856650.jpg,fallen_tree,0.895,0,3,640,620,96.83,Critical Road Block
3598_jpg.rf.fa8612f105409286c4abc363431c9f9f.jpg,fallen_tree,0.559,2,363,635,218,33.76,Critical Road Block
3598_jpg.rf.fa8612f105409286c4abc363431c9f9f.jpg,fallen_tree,0.469,1,358,291,201,14.26,Partial Road Block
ia_400005960_png_jpg.rf.23cd69b4ea740c33f80545ba0679ee0e.jpg,fallen_tree,0.693,1,59,595,484,70.22,Critical Road Block
3640_jpg.rf.560ee8d6e87a15052eadfbb1ae0c0d10.jpg,fallen_tree,0.543,8,2,631,610,94.06,Critical Road Block
3405_jpg.rf.7be282b1fee0a68c55a81e1600bad356.jpg,fallen_tree,0.486,0,186,492,326,39.21,Critical Road Block
ia_800000065_png_jpg.rf.13b347865b67372bfb29e63677c4091f.jpg,fallen_tree,0.74,0,1,640,503,78.6,Critical Road Block
3507_jpg.rf.768de41f9e498d7827a578e0dd1bac6c.jpg,fallen_tree,0.746,18,215,472,214,24.67,Major Road Block
709_jpg.rf.01a128f4d9be2c1031ec4efba47c5faf.jpg,fallen_tree,0.81,10,37,629,388,59.64,Critical Road Block
485_jpg.rf.9e953e4a5f703629e8a7aad17acef170.jpg,fallen_tree,0.826,81,18,554,611,82.62,Critical Road Block
Fallen-Palm-Trees_jpeg.rf.9c9115de859f1bc1f0c0471783b65909.jpg,fallen_tree,0.76,129,175,492,342,41.12,Critical Road Block
528_jpg.rf.e0da1f77243572e7349302bda13bb4ea.jpg,fallen_tree,0.828,112,207,454,387,42.88,Critical Road Block
ia_400006853_png_jpg.rf.b494f6d34ea964147d71e3c8f226c449.jpg,fallen_tree,0.716,221,0,419,303,31.02,Critical Road Block
ia_400006853_png_jpg.rf.b494f6d34ea964147d71e3c8f226c449.jpg,fallen_tree,0.513,1,5,637,594,92.37,Critical Road Block
3540_jpg.rf.8f5cc1b065a25537e6fa30df669267ce.jpg,fallen_tree,0.843,0,105,640,387,60.49,Critical Road Block
3644_jpg.rf.733fe06e454d196e5dcf7798c9f2b623.jpg,fallen_tree,0.886,0,0,640,405,63.29,Critical Road Block
Fallen_tree-178-_jpg.rf.34515230f74c69c7b796c37f66091be1.jpg,fallen_tree,0.64,0,56,640,323,50.47,Critical Road Block
Fallen_tree-178-_jpg.rf.34515230f74c69c7b796c37f66091be1.jpg,fallen_tree,0.433,135,422,349,135,11.47,Partial Road Block
3722_jpg.rf.2f9bca2b569f41f841e38f98cb050f51.jpg,fallen_tree,0.801,94,212,546,361,48.12,Critical Road Block
ia_100000057_png_jpg.rf.0f189d60670581fd2833a0db0f5ecf79.jpg,fallen_tree,0.86,0,119,577,503,70.88,Critical Road Block
ia_800000044_png_jpg.rf.071afb6e3a785fe682e2388b4fcb37d5.jpg,fallen_tree,0.479,1,181,638,315,49.09,Critical Road Block
IMG_0499_jpeg_jpg.rf.e11f42cef113ae6c9273a64e5af2d7e8.jpg,fallen_tree,0.767,0,119,634,312,48.38,Critical Road Block
Fallen_tree-143-_jpg.rf.252fe3509f6dd3b208ea3d869a26656c.jpg,fallen_tree,0.432,78,215,388,167,15.84,Major Road Block
3603_jpg.rf.bdee36ac0c2b16eebb6d6d307c5f0f15.jpg,fallen_tree,0.78,0,129,640,415,64.76,Critical Road Block
20210928_162824_jpg.rf.681aef79ce1bd2237ac2340f82d6266a.jpg,fallen_tree,0.522,171,240,469,329,37.69,Critical Road Block
20210928_162824_jpg.rf.681aef79ce1bd2237ac2340f82d6266a.jpg,fallen_tree,0.461,72,191,566,401,55.4,Critical Road Block
3731_jpg.rf.b3c785e39cee42b4ac40c0b26d5cd1af.jpg,fallen_tree,0.862,0,81,632,372,57.39,Critical Road Block
IMG_0431_jpeg_jpg.rf.4f583c21ffc03d7e11ff5cba3bf34344.jpg,fallen_tree,0.779,19,57,621,434,65.72,Critical Road Block
3533_jpg.rf.e674700712bfa6ada45adc6b353be9f6.jpg,fallen_tree,0.461,3,311,602,328,48.19,Critical Road Block
3396_jpg.rf.fa9c72dcf885f3a2cd992dc30e358c7c.jpg,fallen_tree,0.621,44,166,596,257,37.33,Critical Road Block
152_jpg.rf.01a01694f16da0cc85a249f95248e7da.jpg,fallen_tree,0.616,10,98,629,403,61.93,Critical Road Block
ia_100000000300_png_jpg.rf.aebfd8e933ac9dc4470e48f851c9c7ef.jpg,fallen_tree,0.574,1,175,631,368,56.63,Critical Road Block
Hurricane-Fallen-Palm-Trees_jpeg.rf.847e7aa1c3aecf142279af83602f6689.jpg,fallen_tree,0.772,143,52,424,527,54.52,Critical Road Block
288_jpg.rf.3259b758419d4ea536b7b9d46d8277bb.jpg,fallen_tree,0.565,2,237,507,194,23.98,Major Road Block
ia_400009399_png_jpg.rf.a696e8590a072b3060d4c4afe2f0e7a4.jpg,fallen_tree,0.762,111,14,452,427,47.03,Critical Road Block
ia_400009399_png_jpg.rf.a696e8590a072b3060d4c4afe2f0e7a4.jpg,fallen_tree,0.464,149,526,282,114,7.82,Partial Road Block
20210928_164007_jpg.rf.4811a705ec2d36ce3955db8bbcd15ff1.jpg,fallen_tree,0.804,2,6,638,470,73.25,Critical Road Block
3733_jpeg_jpg.rf.e21168b78bb25816cad1bacf4f6f1ab9.jpg,fallen_tree,0.652,14,149,626,421,64.35,Critical Road Block
402_jpg.rf.c6157a80d206013e63f5b25dffafece3.jpg,fallen_tree,0.798,7,180,631,434,66.83,Critical Road Block
20210928_162930_jpg.rf.49dd8e086b486459ebb608524d1165f8.jpg,fallen_tree,0.823,1,149,637,491,76.36,Critical Road Block
585_jpg.rf.6bde5f5f0c06e9a30d884a47d925fd96.jpg,fallen_tree,0.414,412,279,59,164,2.38,Minor Obstruction
ia_400003698_png_jpg.rf.89d455d86c16016aebbbabdd3f3d5e0e.jpg,fallen_tree,0.738,34,22,423,555,57.35,Critical Road Block
3895_jpg.rf.c1a2b02c756ac8bc60de75dedaa4b907.jpg,fallen_tree,0.8,0,0,640,639,99.86,Critical Road Block
ia_800000051_png_jpg.rf.cbe4d50b0dba0a54e202c9f20e25bd71.jpg,fallen_tree,0.557,0,264,531,322,41.68,Critical Road Block
624_jpg.rf.9c6314f95e87d2989e96a3116de3125c.jpg,fallen_tree,0.504,296,6,344,363,30.48,Critical Road Block
624_jpg.rf.9c6314f95e87d2989e96a3116de3125c.jpg,fallen_tree,0.363,4,396,624,244,37.19,Critical Road Block
486_jpg.rf.47bce1fa9742c9ca5a02e839b2ef7c39.jpg,fallen_tree,0.715,10,5,628,489,75.02,Critical Road Block
Fallen_tree-130-_jpg.rf.2c982a0ddd2854d2b31fcd45c95010af.jpg,fallen_tree,0.525,100,352,412,73,7.39,Partial Road Block
Fallen_tree-278-_jpg.rf.0101af2e96d60fd6e5c837c28615020b.jpg,fallen_tree,0.407,127,1,508,247,30.65,Critical Road Block
Fallen_tree-278-_jpg.rf.0101af2e96d60fd6e5c837c28615020b.jpg,fallen_tree,0.355,116,6,523,390,49.83,Critical Road Block
ia_800000051_png_jpg.rf.fe47f606c29e0b40b1e7d7bc9029dba9.jpg,fallen_tree,0.621,23,223,530,346,44.77,Critical Road Block
3825_jpg.rf.21fac0270d3c962a238476f593e77d0d.jpg,fallen_tree,0.81,29,35,610,604,89.96,Critical Road Block
3642_jpg.rf.6a240777be33583b5b6480d1d46fa6b3.jpg,fallen_tree,0.758,12,192,627,303,46.33,Critical Road Block
4010_jpg.rf.4f918129fe549293401d2a4b9f5443d6.jpg,fallen_tree,0.491,94,62,546,483,64.37,Critical Road Block
3503_jpg.rf.d25890e9b92602f31a436f6308bf5925.jpg,fallen_tree,0.673,1,95,497,326,39.61,Critical Road Block
ia_400006844_png_jpg.rf.4a1d955568884887970113d1f2d5e3cf.jpg,fallen_tree,0.738,28,2,456,476,53.02,Critical Road Block
3837_jpg.rf.843720641398d213e102274d3d626bc6.jpg,fallen_tree,0.549,180,120,381,516,47.96,Critical Road Block
145_jpg.rf.94f9a82556c223cdc5954568fd27c786.jpg,fallen_tree,0.716,171,123,469,449,51.35,Critical Road Block
ia_400007293_png_jpg.rf.669227ca01c4c789ea314e05a874a0b9.jpg,fallen_tree,0.829,0,100,640,323,50.54,Critical Road Block
3717_jpg.rf.9d41dbac1b21523942c2114495a82e5f.jpg,fallen_tree,0.651,0,69,637,568,88.4,Critical Road Block
ia_100002230_png_jpg.rf.4c66a91a1d3860045243580505103ab4.jpg,fallen_tree,0.459,16,342,623,295,44.92,Critical Road Block
3375_jpg.rf.52d5ee974de525f0fbfc4a38bcae69ed.jpg,fallen_tree,0.728,0,93,636,459,71.29,Critical Road Block
382_jpg.rf.bd7678c01e366d1b29583a1afdce2711.jpg,fallen_tree,0.511,56,94,551,477,64.07,Critical Road Block
20211017_142831_jpg.rf.2c7958ec297b4b46fb44c05a8fa6adb6.jpg,fallen_tree,0.709,13,185,590,273,39.28,Critical Road Block
592_jpg.rf.c5479ea3f6e670dc3000597ac9946a14.jpg,fallen_tree,0.403,2,295,635,304,47.16,Critical Road Block
ia_400006644_png_jpg.rf.5b0375a927e92adeb8a3b4f90b30ef9d.jpg,fallen_tree,0.902,0,157,563,378,52.03,Critical Road Block
Image-from-Google-Lens_jpeg.rf.c412f1d2f1296a88ced5e37489bcf923.jpg,fallen_tree,0.751,97,252,424,298,30.86,Critical Road Block
568_jpg.rf.b47eb08450d6eec7fdc6192bb4c63cd1.jpg,fallen_tree,0.485,28,173,610,361,53.76,Critical Road Block
568_jpg.rf.b47eb08450d6eec7fdc6192bb4c63cd1.jpg,fallen_tree,0.444,50,212,590,257,37.08,Critical Road Block
3422_jpg.rf.95e528b02572c013caa9232fc97575ff.jpg,fallen_tree,0.633,100,256,334,293,23.92,Major Road Block
3422_jpg.rf.95e528b02572c013caa9232fc97575ff.jpg,fallen_tree,0.361,222,54,418,348,35.52,Critical Road Block
3756_jpg.rf.56ef8e60c3574d8b0e7601ed03132793.jpg,fallen_tree,0.68,86,245,554,305,41.24,Critical Road Block
ia_400005496_png_jpg.rf.77e650a82887ac495c4743ead86a6233.jpg,fallen_tree,0.468,123,151,515,252,31.68,Critical Road Block
IMG_0430_jpeg_jpg.rf.25684d9398eba84229b484c3f4686fb1.jpg,fallen_tree,0.874,1,42,635,552,85.62,Critical Road Block
20211017_143228_jpg.rf.82de4c4dd37b4065617c69cca8316b9a.jpg,fallen_tree,0.832,19,291,619,304,46.01,Critical Road Block
3717_jpg.rf.8411df97fa95d0850bdc3d6ee2244e1a.jpg,fallen_tree,0.634,4,108,629,527,80.9,Critical Road Block
3491_jpg.rf.8847d2aa279328ca7fa567225ecd9784.jpg,fallen_tree,0.648,161,97,479,449,52.48,Critical Road Block
590_jpg.rf.46005335a6d9e0de227080563ab2bf70.jpg,fallen_tree,0.616,1,0,506,266,32.91,Critical Road Block
590_jpg.rf.46005335a6d9e0de227080563ab2bf70.jpg,fallen_tree,0.372,213,340,407,300,29.75,Major Road Block
3951_jpg.rf.5b19d85adab441ff040030fe4759603e.jpg,fallen_tree,0.905,0,28,640,611,95.39,Critical Road Block
4037_jpg.rf.da69b4f4e807b84ea65e183c938cc244.jpg,fallen_tree,0.598,2,23,618,585,88.37,Critical Road Block
20210928_162001_jpg.rf.295e6a490601865ae6a2ad62c63ee023.jpg,fallen_tree,0.41,58,230,315,193,14.82,Partial Road Block
164_jpg.rf.4c3970ad15688735e3055789caa25aa8.jpg,fallen_tree,0.594,5,128,635,324,50.21,Critical Road Block
3748_jpg.rf.bbcde5192f743a19efb0ea00a21fbba1.jpg,fallen_tree,0.665,173,133,363,506,44.91,Critical Road Block
3798_jpg.rf.f289147ae0ed8f02aa0f2ceba8b6b805.jpg,fallen_tree,0.868,1,132,605,483,71.39,Critical Road Block
3659_jpg.rf.ddae29663a469739dd13f2e8f2fa9f9d.jpg,fallen_tree,0.452,47,36,574,276,38.7,Critical Road Block
183_jpg.rf.c265edcbbedf4aefc074a7f9db298da2.jpg,fallen_tree,0.359,203,193,298,447,32.52,Critical Road Block
355_jpg.rf.ddb10728c57da289dbd0c0175d4420c8.jpg,fallen_tree,0.596,280,274,360,201,17.63,Major Road Block
355_jpg.rf.ddb10728c57da289dbd0c0175d4420c8.jpg,fallen_tree,0.504,274,120,366,370,33.12,Critical Road Block
ia_400003701_png_jpg.rf.5188b87628c78501817fca49e5fc3df5.jpg,fallen_tree,0.404,0,99,252,482,29.59,Major Road Block
Fallen_trees-24-_jpg.rf.b4171692029a53892056134295515765.jpg,fallen_tree,0.413,491,236,149,111,4.04,Minor Obstruction
3808_jpg.rf.ff3ed3e1d7f248087fc1ad626339850b.jpg,fallen_tree,0.706,4,96,628,397,60.94,Critical Road Block
ia_400000793_png_jpg.rf.3e1b44ac071dcfa7d14cb2c245683f61.jpg,fallen_tree,0.372,0,4,488,375,44.64,Critical Road Block
3889_jpg.rf.04332b96275daa1737e6d9fcf520188c.jpg,fallen_tree,0.763,0,129,636,351,54.49,Critical Road Block
4010_jpg.rf.dcb509d8118a8de1f3dc5b6d7b63973e.jpg,fallen_tree,0.571,27,24,612,581,86.86,Critical Road Block
685_jpg.rf.af02927b51c4f5bc3e4e2be82f270adf.jpg,fallen_tree,0.733,9,147,530,325,42.01,Critical Road Block
ia_400007022_png_jpg.rf.5d750bc2f52ce9e971c664992925e0f0.jpg,fallen_tree,0.703,51,140,587,410,58.68,Critical Road Block
ia_100000000748_png_jpg.rf.6de5cd38d8bca8914273657972c2ecc5.jpg,fallen_tree,0.493,5,183,290,223,15.79,Major Road Block
3647_jpg.rf.87dc1212e95ae0c67123ebc0e88341a5.jpg,fallen_tree,0.452,175,13,309,627,47.3,Critical Road Block
ia_400010252_png_jpg.rf.f71c8b79083328d65c40be1daf8e7ea4.jpg,fallen_tree,0.561,12,40,610,472,70.26,Critical Road Block
659_jpg.rf.f882bb3ea89336df861860a09af45b68.jpg,fallen_tree,0.813,58,35,580,583,82.61,Critical Road Block
3458_jpg.rf.1dbf7c5d734afd5276135b14703e72e7.jpg,fallen_tree,0.618,0,99,491,235,28.18,Major Road Block
ia_400005002_png_jpg.rf.aa9396331b585dffeca478442b4e02e9.jpg,fallen_tree,0.915,15,1,624,604,91.89,Critical Road Block
ia_400006375_png_jpg.rf.43db7f6a39b81dc41549e623409b80e1.jpg,fallen_tree,0.822,0,7,428,519,54.2,Critical Road Block
ia_400006375_png_jpg.rf.43db7f6a39b81dc41549e623409b80e1.jpg,fallen_tree,0.751,423,279,143,98,3.42,Minor Obstruction
3573_jpg.rf.f9669b6e767ef97b5c1b9451b5644024.jpg,fallen_tree,0.569,9,183,607,378,55.94,Critical Road Block
ia_400007918_png_jpg.rf.98bbb5866868edd432852b46f13bdc14.jpg,fallen_tree,0.748,13,342,541,252,33.25,Critical Road Block
ia_400007918_png_jpg.rf.98bbb5866868edd432852b46f13bdc14.jpg,fallen_tree,0.661,2,138,353,252,21.74,Major Road Block
3415_jpg.rf.5c0541e7f952f54c0c73075199dfde5c.jpg,fallen_tree,0.373,5,371,276,171,11.51,Partial Road Block
ia_100000000207_png_jpg.rf.ff26ec4d55d062b78548fac9f12d6b0f.jpg,fallen_tree,0.429,29,79,537,561,73.55,Critical Road Block
3414_jpg.rf.7cfc236c83b6a834f9c099e983998b9f.jpg,fallen_tree,0.69,121,265,519,325,41.22,Critical Road Block
3923_jpg.rf.3db85b562db3460f22871576a85a25ca.jpg,fallen_tree,0.649,0,115,607,372,55.17,Critical Road Block
3923_jpg.rf.3db85b562db3460f22871576a85a25ca.jpg,fallen_tree,0.359,0,208,635,292,45.35,Critical Road Block
598_jpg.rf.313447248c1e333a473c99fef8c549fc.jpg,fallen_tree,0.591,18,2,612,562,83.92,Critical Road Block
ia_100000000737_png_jpg.rf.ef65d35b9b4f0849e006974ba1c8d830.jpg,fallen_tree,0.509,182,368,450,272,29.93,Major Road Block
ia_100000000737_png_jpg.rf.ef65d35b9b4f0849e006974ba1c8d830.jpg,fallen_tree,0.398,12,0,623,405,61.59,Critical Road Block
ia_100000000737_png_jpg.rf.ef65d35b9b4f0849e006974ba1c8d830.jpg,fallen_tree,0.354,366,128,274,223,14.94,Partial Road Block
141_jpg.rf.122813f06652367b81a31a0a66864867.jpg,fallen_tree,0.497,103,131,521,487,62.0,Critical Road Block
ia_400008332_png_jpg.rf.3f03db9bbd849f542670605f52d0729b.jpg,fallen_tree,0.811,22,61,600,411,60.16,Critical Road Block
384_jpg.rf.c6fd8c46b99d7a9a58c08df179fe0395.jpg,fallen_tree,0.7,0,3,595,530,76.9,Critical Road Block
384_jpg.rf.c6fd8c46b99d7a9a58c08df179fe0395.jpg,fallen_tree,0.356,0,2,428,488,50.91,Critical Road Block
IMG_0428_jpeg_jpg.rf.b3d66653f0f4301fc04067b07270f1d1.jpg,fallen_tree,0.686,11,1,629,340,52.15,Critical Road Block
3781_jpg.rf.d4391f17af4c6a4a080127555f1b262f.jpg,fallen_tree,0.846,18,191,618,448,67.48,Critical Road Block
ia_100000001229_png_jpg.rf.fb7a7bb19ff825cb9d0604e5aeda07f9.jpg,fallen_tree,0.465,0,99,275,484,32.5,Critical Road Block
ia_800002312_png_jpg.rf.82a9afd456f26fbcba231944461caa26.jpg,fallen_tree,0.571,1,96,639,398,62.06,Critical Road Block
ia_800002312_png_jpg.rf.82a9afd456f26fbcba231944461caa26.jpg,fallen_tree,0.43,1,205,639,278,43.39,Critical Road Block
ia_100000000357_png_jpg.rf.fe55e0f180cc108c88fb26104a4216af.jpg,fallen_tree,0.888,6,12,634,548,84.83,Critical Road Block
3806_jpg.rf.032a695e5049fc778cfa500e5ba41d2a.jpg,fallen_tree,0.583,106,104,534,484,63.12,Critical Road Block
4090_jpg.rf.087be53b6c3bc7e9fdfc14e29b23a550.jpg,fallen_tree,0.549,8,357,629,283,43.4,Critical Road Block
ia_100000081_png_jpg.rf.6d1b860ca93f320419bc216641383ecd.jpg,fallen_tree,0.436,10,237,630,252,38.7,Critical Road Block
3824_jpg.rf.77d83d90ade31bb1c84817d72076c26c.jpg,fallen_tree,0.716,132,3,302,631,46.57,Critical Road Block
IMG_20210928_102424_jpg.rf.637d04275bfbb30deea806f4151c1d3b.jpg,fallen_tree,0.823,61,203,576,346,48.68,Critical Road Block
540_jpg.rf.eebd827a6b2f1b5636ec9bb5b039f09d.jpg,fallen_tree,0.453,1,52,638,271,42.15,Critical Road Block
3496_jpg.rf.73bba37ee9778b11d3746e82c1d01c09.jpg,fallen_tree,0.564,39,342,581,102,14.52,Partial Road Block
ia_100000016003_png_jpg.rf.65d2e48d24d450ed9f1d9930874b4aa2.jpg,fallen_tree,0.862,0,0,640,328,51.22,Critical Road Block
ia_400008783_png_jpg.rf.589e88b83282156a5b904f58c607721f.jpg,fallen_tree,0.397,119,304,385,146,13.71,Partial Road Block
275_jpg.rf.6ebf413843c0dfa39b9cfd8c2a94c7ac.jpg,fallen_tree,0.413,3,227,451,386,42.53,Critical Road Block
275_jpg.rf.6ebf413843c0dfa39b9cfd8c2a94c7ac.jpg,fallen_tree,0.404,1,173,632,434,66.88,Critical Road Block
ia_400006378_png_jpg.rf.c09a1e1c213dee324e0889f4eb35904e.jpg,fallen_tree,0.567,0,0,630,591,90.85,Critical Road Block
635_jpg.rf.356c7789038662186f876130ad51ea72.jpg,fallen_tree,0.443,95,338,257,252,15.85,Major Road Block
IMG_20240414_121305_jpg.rf.89e47a37eb6f693e60d62bf551676a2b.jpg,fallen_tree,0.534,243,260,397,215,20.82,Major Road Block
20211017_141320_jpg.rf.019eff589578de7e3c90f4d6fcca07bb.jpg,fallen_tree,0.45,0,522,300,75,5.48,Partial Road Block
ia_800002078_png_jpg.rf.b3b925f4f141050eb398b1965121e43c.jpg,fallen_tree,0.61,41,146,528,360,46.38,Critical Road Block
ia_100000014917_png_jpg.rf.88aa913f374c18b103e976b7b784a71e.jpg,fallen_tree,0.742,6,75,632,481,74.34,Critical Road Block
ia_400005968_png_jpg.rf.7b4f5e9534337bf502cb65a5adc638ff.jpg,fallen_tree,0.494,1,112,533,482,62.69,Critical Road Block
376_jpg.rf.4caa12c12a55962612c02ce767e52443.jpg,fallen_tree,0.717,328,0,312,149,11.39,Partial Road Block
376_jpg.rf.4caa12c12a55962612c02ce767e52443.jpg,fallen_tree,0.626,2,0,303,248,18.35,Major Road Block
376_jpg.rf.4caa12c12a55962612c02ce767e52443.jpg,fallen_tree,0.499,356,348,232,90,5.1,Partial Road Block
ia_800002074_png_jpg.rf.cb59dc96ac56053ef9cc45a07c948e11.jpg,fallen_tree,0.602,0,353,640,287,44.84,Critical Road Block
ia_800002074_png_jpg.rf.cb59dc96ac56053ef9cc45a07c948e11.jpg,fallen_tree,0.495,0,173,639,466,72.76,Critical Road Block
655_jpg.rf.891aada85e9cfe2fc24013ee1b39c096.jpg,fallen_tree,0.433,74,85,566,312,43.07,Critical Road Block
ia_800002071_png_jpg.rf.0951c42d6fa6fae2a0b79d7ab0079ee9.jpg,fallen_tree,0.486,2,166,422,239,24.64,Major Road Block
3974_jpg.rf.1609800fe258fff9c5f64bc2294e88ad.jpg,fallen_tree,0.806,0,139,628,378,58.01,Critical Road Block
3696_jpg.rf.c5569db8eb5e0e10bac0d33d6fc7e27e.jpg,fallen_tree,0.75,0,274,455,363,40.37,Critical Road Block
3906_jpeg_jpg.rf.f933eda6839212b9b945efe0e63d8b09.jpg,fallen_tree,0.921,5,21,631,545,84.01,Critical Road Block
IMG_0504_jpeg_jpg.rf.1121ee3481e86b76df6e5e8a40023597.jpg,fallen_tree,0.474,0,223,640,130,20.29,Major Road Block
ia_100000014953_png_jpg.rf.a85d5c4516a377042e0610aa0261b26b.jpg,fallen_tree,0.843,0,69,630,483,74.34,Critical Road Block
66222200bAj_jpg.rf.d3c2189f0f27046874dfb612aab2ec5c.jpg,fallen_tree,0.624,44,241,564,200,27.6,Major Road Block
20211017_141345_jpg.rf.b9726c1ecc01804620ec9a4b84a03a5f.jpg,fallen_tree,0.661,26,317,488,146,17.35,Major Road Block
tornado-1193184-scaled_jpg.rf.ef4fbbe25ab863c026f2fe992b5589c7.jpg,fallen_tree,0.686,243,322,397,302,29.24,Major Road Block
tornado-1193184-scaled_jpg.rf.ef4fbbe25ab863c026f2fe992b5589c7.jpg,fallen_tree,0.447,0,516,303,122,9.04,Partial Road Block
IMG_0509_jpeg_jpg.rf.505d24b36c08531fc31bfb5bac77584d.jpg,fallen_tree,0.438,0,265,640,136,21.24,Major Road Block
ia_100000000235_png_jpg.rf.833351989ae962a06b9e456829271685.jpg,fallen_tree,0.651,1,4,627,601,92.02,Critical Road Block
ia_400004588_png_jpg.rf.e4d346e36089d0209f6c49a991184d23.jpg,fallen_tree,0.821,12,257,627,295,45.18,Critical Road Block
3846_jpg.rf.b8c3b7422dc8cc1f43c67ede497a1faf.jpg,fallen_tree,0.867,59,210,580,425,60.22,Critical Road Block
20210928_162059_jpg.rf.5f4b8daca742de37367193b42535d5eb.jpg,fallen_tree,0.562,270,380,355,202,17.52,Major Road Block
20210928_162059_jpg.rf.5f4b8daca742de37367193b42535d5eb.jpg,fallen_tree,0.459,0,143,326,207,16.48,Major Road Block
20210928_162059_jpg.rf.5f4b8daca742de37367193b42535d5eb.jpg,fallen_tree,0.387,245,259,318,183,14.2,Partial Road Block
3608_jpg.rf.9b2d0b71b25aa6738f76699fff471218.jpg,fallen_tree,0.755,52,15,588,495,71.07,Critical Road Block
3501_jpg.rf.9b2e05978b7b10a3228e6458774ec8f9.jpg,fallen_tree,0.507,1,44,415,440,44.6,Critical Road Block
3501_jpg.rf.9b2e05978b7b10a3228e6458774ec8f9.jpg,fallen_tree,0.38,434,85,148,54,1.95,Minor Obstruction
3712_jpg.rf.bd62b3dd2dc15717b2986f46019d353e.jpg,fallen_tree,0.725,0,264,464,347,39.23,Critical Road Block
3558_jpg.rf.74981b4d66d938d07e1e51f694a7438a.jpg,fallen_tree,0.651,72,250,372,129,11.68,Partial Road Block
IMG_20210928_102108_jpg.rf.7c9bc562d87699c708fa55c826da82c4.jpg,fallen_tree,0.523,64,177,576,426,59.86,Critical Road Block
news_75598_jpg.rf.2b5215b6bdc047f5d28b97ca5aaa6dd0.jpg,fallen_tree,0.731,50,12,588,505,72.52,Critical Road Block
ia_400000013_png_jpg.rf.de3430f6e1bcbb6a1d8979314b0d4245.jpg,fallen_tree,0.398,53,177,585,239,34.1,Critical Road Block
3714_jpg.rf.4a57eb7c36527c0d9ca3253f1b067504.jpg,fallen_tree,0.806,119,11,516,629,79.22,Critical Road Block
Fallen-Palm-Trees-California-Storm_jpg.rf.a9ec0ceb4a81fd647cd3883bc72e7f96.jpg,fallen_tree,0.534,221,193,379,378,34.99,Critical Road Block
446_jpg.rf.0af518f34713f361e33a82140c42a32b.jpg,fallen_tree,0.454,398,272,52,142,1.82,Minor Obstruction
446_jpg.rf.0af518f34713f361e33a82140c42a32b.jpg,fallen_tree,0.412,387,268,91,143,3.19,Minor Obstruction
446_jpg.rf.0af518f34713f361e33a82140c42a32b.jpg,fallen_tree,0.362,46,23,231,358,20.14,Major Road Block
ia_400008965_png_jpg.rf.fd836bcbdeddf17809dd2760cdeb2a30.jpg,fallen_tree,0.67,6,22,295,562,40.4,Critical Road Block
ia_400008965_png_jpg.rf.fd836bcbdeddf17809dd2760cdeb2a30.jpg,fallen_tree,0.658,407,196,224,396,21.69,Major Road Block
IMG_0482_jpeg_jpg.rf.814e29d7b512554af0203f682b66bd22.jpg,fallen_tree,0.49,33,138,607,293,43.42,Critical Road Block
ia_400010526_png_jpg.rf.1dc0ef892024e97742b1832512fc6ade.jpg,fallen_tree,0.716,256,162,228,193,10.72,Partial Road Block
ia_800002078_png_jpg.rf.7002631c3de88bc57ee366ebcea94bc3.jpg,fallen_tree,0.658,30,164,531,272,35.25,Critical Road Block
3868_jpg.rf.8a3ce92534895e4f2274b2526357594c.jpg,fallen_tree,0.43,161,223,469,232,26.56,Major Road Block
3434_jpg.rf.1525f6126bd55ffe37f6e0c5307d6a94.jpg,fallen_tree,0.845,148,340,331,178,14.38,Partial Road Block
ia_800002077_png_jpg.rf.95e32308f670513dfc05673f6395f316.jpg,fallen_tree,0.74,1,138,550,386,51.86,Critical Road Block
ia_100003376_png_jpg.rf.c8c0d548e87d16528e829a8ee4ce0ed3.jpg,fallen_tree,0.686,188,50,349,271,23.12,Major Road Block
ia_400010007_png_jpg.rf.03ddb3e8aa1e4749610e0bab0d5bb78a.jpg,fallen_tree,0.769,137,156,491,344,41.2,Critical Road Block
ia_400010025_png_jpg.rf.db05c367a23636b842f53a8797345b3a.jpg,fallen_tree,0.589,219,192,400,440,43.01,Critical Road Block
ia_400010025_png_jpg.rf.db05c367a23636b842f53a8797345b3a.jpg,fallen_tree,0.378,82,2,239,291,16.98,Major Road Block
3833_jpg.rf.c40849a2789306cb7b9c84350595cc1b.jpg,fallen_tree,0.728,8,150,547,431,57.53,Critical Road Block
ia_400010264_png_jpg.rf.0ec32a79f05fba4f91e905a599f8a3c7.jpg,fallen_tree,0.854,36,179,495,307,37.07,Critical Road Block
ia_800002352_png_jpg.rf.b631d3a3cdff20cf655c925e593f9ce2.jpg,fallen_tree,0.825,0,2,639,635,99.04,Critical Road Block
ia_400005492_png_jpg.rf.89740f5fef9436dfd4a483318bb4a07e.jpg,fallen_tree,0.462,37,0,549,393,52.68,Critical Road Block
ia_800001137_png_jpg.rf.f7186bca9d926f432c3b47c0ff7aa86f.jpg,fallen_tree,0.771,0,6,640,430,67.24,Critical Road Block
3921_jpg.rf.15c417710c2374c513a14289650de267.jpg,fallen_tree,0.718,0,58,625,534,81.55,Critical Road Block
407_jpg.rf.f1fae4cf1760e6f40a7d6c9b0d0d306c.jpg,fallen_tree,0.49,88,288,260,221,14.05,Partial Road Block
IMG_20210928_102724_jpg.rf.7e4d92e91982040b73f2980c93f5005b.jpg,fallen_tree,0.586,45,162,581,457,64.79,Critical Road Block
ia_400006636_png_jpg.rf.6b303e74d8bcb7b81539a5479cb51e79.jpg,fallen_tree,0.651,0,223,553,416,56.21,Critical Road Block
3767_jpg.rf.a4e52c7864dce735c5be8082c60a850f.jpg,fallen_tree,0.753,0,2,637,449,69.78,Critical Road Block
vid5_6_jpg.rf.30f30e9eee399152e21d080ca7a37427.jpg,fallen_tree,0.483,146,206,329,268,21.55,Major Road Block
IMG_0508_jpeg_jpg.rf.b4cbf062313b873b2b2b8a4e8815ded4.jpg,fallen_tree,0.611,1,226,638,127,19.82,Major Road Block
ia_800000083_png_jpg.rf.027b08749f8040f50b779d16015e5f6b.jpg,fallen_tree,0.677,1,91,639,470,73.29,Critical Road Block
370_jpg.rf.187e3125d624c3168d67664e8bbc39bb.jpg,fallen_tree,0.488,184,157,251,258,15.83,Major Road Block
ia_100000000411_png_jpg.rf.1c732386eb8e3f3f4f255e8c061ff6e7.jpg,fallen_tree,0.773,11,3,615,501,75.27,Critical Road Block
ia_100000000337_png_jpg.rf.7e7841b9258f2c2eb5ab9b4c1a9f9d50.jpg,fallen_tree,0.642,27,259,609,282,41.91,Critical Road Block
334_jpg.rf.92a8a5f606282d4896efc03af66c66fe.jpg,fallen_tree,0.837,382,383,258,244,15.42,Major Road Block
334_jpg.rf.92a8a5f606282d4896efc03af66c66fe.jpg,fallen_tree,0.798,306,54,326,228,18.15,Major Road Block
334_jpg.rf.92a8a5f606282d4896efc03af66c66fe.jpg,fallen_tree,0.608,42,413,329,227,18.24,Major Road Block
334_jpg.rf.92a8a5f606282d4896efc03af66c66fe.jpg,fallen_tree,0.421,0,19,279,303,20.67,Major Road Block
20210928_101009_jpg.rf.333bfb42773c405bc9693775952b95c2.jpg,fallen_tree,0.63,194,187,446,255,27.77,Major Road Block
ia_100000000753_png_jpg.rf.25714415f93db155772051d2dedcf389.jpg,fallen_tree,0.813,0,44,636,557,86.5,Critical Road Block
pochemu-derevya-padayut-08_jpg.rf.5184ce0e0957f1e4c04e2344703ea1bb.jpg,fallen_tree,0.814,0,7,640,632,98.82,Critical Road Block
ia_400004593_png_jpg.rf.7f315025c5d669181961cd3c3777e7c7.jpg,fallen_tree,0.881,1,287,639,353,55.13,Critical Road Block
3751_jpg.rf.342f8cf17668258ec25b0ac5d8a20686.jpg,fallen_tree,0.351,0,0,639,482,75.28,Critical Road Block
ia_400009403_png_jpg.rf.6cc9ebc90fc9a7c398a54f5e65342272.jpg,fallen_tree,0.803,13,0,621,407,61.74,Critical Road Block
ia_400008100_png_jpg.rf.cf7d94b3266115ee281bfdaba473de00.jpg,fallen_tree,0.674,0,5,640,534,83.4,Critical Road Block
ia_800000040_png_jpg.rf.5cd2c714dea7ab84a5732f60b2030af7.jpg,fallen_tree,0.822,0,6,639,504,78.62,Critical Road Block
ia_400008962_png_jpg.rf.fd3a58d85783de1d23f02e3031ef68b2.jpg,fallen_tree,0.783,0,31,639,541,84.5,Critical Road Block
ia_400008962_png_jpg.rf.fd3a58d85783de1d23f02e3031ef68b2.jpg,fallen_tree,0.714,0,411,335,229,18.74,Major Road Block
3377_jpg.rf.92ba42916c4d3cd24342a1b087eecbce.jpg,fallen_tree,0.558,1,154,627,311,47.66,Critical Road Block
723_jpg.rf.4b8e229685aedbe751403f34d17814b4.jpg,fallen_tree,0.638,0,260,612,380,56.74,Critical Road Block
723_jpg.rf.4b8e229685aedbe751403f34d17814b4.jpg,fallen_tree,0.635,77,0,293,279,19.98,Major Road Block
ia_400004791_png_jpg.rf.df66d123c32991a6eb98ae8301bf98c1.jpg,fallen_tree,0.789,0,0,637,415,64.63,Critical Road Block
ia_400008970_png_jpg.rf.bafc463e1c0eb087e88881c0b57436f7.jpg,fallen_tree,0.821,44,229,479,221,25.85,Major Road Block
3886_jpg.rf.5bf7bb65d7fd1dae4ce94ff5ec874fc7.jpg,fallen_tree,0.352,2,177,535,226,29.56,Major Road Block
20210928_102613_jpg.rf.2138dd2542b28d4567eb5d65cc9c11a7.jpg,fallen_tree,0.703,194,149,348,240,20.42,Major Road Block
20210928_102613_jpg.rf.2138dd2542b28d4567eb5d65cc9c11a7.jpg,fallen_tree,0.499,263,350,373,287,26.14,Major Road Block
Fallen_tree-290-_jpg.rf.13dcffb6404bbeb0992e95ec9aeae2c0.jpg,fallen_tree,0.553,0,284,230,229,12.86,Partial Road Block
Fallen_tree-290-_jpg.rf.13dcffb6404bbeb0992e95ec9aeae2c0.jpg,fallen_tree,0.492,2,236,537,250,32.83,Critical Road Block
ia_100003285_png_jpg.rf.c41779ff00289a8e81d3b262e4845274.jpg,fallen_tree,0.66,0,4,640,480,75.0,Critical Road Block
ia_800002090_png_jpg.rf.4346814033fbd1acc02fe84ed84a58ca.jpg,fallen_tree,0.547,98,194,451,393,43.26,Critical Road Block
ia_100003267_png_jpg.rf.c3baab600500c2991c388a67c9bcdd28.jpg,fallen_tree,0.648,1,0,429,539,56.49,Critical Road Block
ia_400009399_png_jpg.rf.c816d3085f05ffb417575290b92fd4d2.jpg,fallen_tree,0.622,103,0,513,452,56.59,Critical Road Block
IMG_0478_jpeg_jpg.rf.772f9d5c700f2ea3fa951b89d6ebb73c.jpg,fallen_tree,0.484,95,123,528,222,28.62,Major Road Block
ia_400005288_png_jpg.rf.92f4de2dbb0aa190289321ccd40bfa9b.jpg,fallen_tree,0.508,159,43,353,595,51.26,Critical Road Block
460_jpg.rf.11970d07f46280487a34ec8316ebfa50.jpg,fallen_tree,0.661,55,146,584,385,54.85,Critical Road Block
460_jpg.rf.11970d07f46280487a34ec8316ebfa50.jpg,fallen_tree,0.426,10,404,630,236,36.35,Critical Road Block
3810_jpg.rf.af11ed3fc3d63b1af02343240f1f8d5a.jpg,fallen_tree,0.685,1,7,627,341,52.14,Critical Road Block
3567_jpg.rf.d57c41190d5ff85a8ddd30aeb4b9ee41.jpg,fallen_tree,0.571,0,64,445,266,28.94,Major Road Block
3567_jpg.rf.d57c41190d5ff85a8ddd30aeb4b9ee41.jpg,fallen_tree,0.458,10,292,491,206,24.66,Major Road Block
IMG_0460_jpeg_jpg.rf.f876ca08f8cd39cd7e1471c8891ffc9a.jpg,fallen_tree,0.774,0,104,639,290,45.3,Critical Road Block
ia_400006854_png_jpg.rf.419c64edb6280d9d6a9cdc44b456de3f.jpg,fallen_tree,0.904,0,31,639,538,83.92,Critical Road Block
ia_400005498_png_jpg.rf.9abcc74152f5b09bc80a42cdf83a6db1.jpg,fallen_tree,0.502,137,1,301,526,38.62,Critical Road Block
ia_400007690_png_jpg.rf.5e07c6c57e9addcc9abede4e3471f197.jpg,fallen_tree,0.416,1,1,638,389,60.58,Critical Road Block
ia_400007690_png_jpg.rf.5e07c6c57e9addcc9abede4e3471f197.jpg,fallen_tree,0.383,0,6,639,632,98.58,Critical Road Block
ia_400000021_png_jpg.rf.ca675339af7b647313675f93e362da07.jpg,fallen_tree,0.418,125,184,291,337,23.91,Major Road Block
3729_jpg.rf.8070a17c5bdff03858f4319b90c6fc69.jpg,fallen_tree,0.781,122,199,516,274,34.56,Critical Road Block
3729_jpg.rf.8070a17c5bdff03858f4319b90c6fc69.jpg,fallen_tree,0.752,16,386,624,254,38.76,Critical Road Block
185_jpg.rf.24559e6da8361491455dbbe15c7dfd22.jpg,fallen_tree,0.789,0,75,636,334,51.79,Critical Road Block
565_jpg.rf.419df80f04603626758370ec97b7eca1.jpg,fallen_tree,0.655,16,66,423,564,58.3,Critical Road Block
728_jpg.rf.4a4347ed9aaa444b774f0c1ee0904258.jpg,fallen_tree,0.479,1,29,631,492,75.8,Critical Road Block
3811_jpg.rf.d799c4d7356fa74a5f431f361753798c.jpg,fallen_tree,0.466,3,138,578,490,69.2,Critical Road Block
IMG_20240414_121402_jpg.rf.ec2f25941da83bf39fe6a0837861a17c.jpg,fallen_tree,0.427,113,296,526,176,22.58,Major Road Block
ia_800002040_png_jpg.rf.7d2b19feea8973039e5ece3020f7f2f9.jpg,fallen_tree,0.864,0,31,632,580,89.48,Critical Road Block
ia_400004584_png_jpg.rf.f57c6e29add9d250d94c3ffec28cc2e5.jpg,fallen_tree,0.371,1,136,624,403,61.36,Critical Road Block
20210928_164258_jpg.rf.b2097b229e778f2c0d7cf6e73664ed35.jpg,fallen_tree,0.683,0,166,574,242,33.84,Critical Road Block
20210928_164258_jpg.rf.b2097b229e778f2c0d7cf6e73664ed35.jpg,fallen_tree,0.481,0,115,631,360,55.42,Critical Road Block
20210928_164258_jpg.rf.b2097b229e778f2c0d7cf6e73664ed35.jpg,fallen_tree,0.366,99,388,345,160,13.47,Partial Road Block
ia_100000014976_png_jpg.rf.5a1695baa6f981cfbc8048965ff22c42.jpg,fallen_tree,0.64,0,147,638,416,64.77,Critical Road Block
ia_400004355_png_jpg.rf.0d6dc8cd5f9dae45cddc49788c4b6e13.jpg,fallen_tree,0.353,168,455,264,149,9.62,Partial Road Block
3463_jpg.rf.2a4224caacf228714935721ea0c9b493.jpg,fallen_tree,0.478,198,337,268,215,14.07,Partial Road Block
ia_400006851_png_jpg.rf.ca044d2687d6691be36186f886e0c793.jpg,fallen_tree,0.464,1,0,551,305,40.99,Critical Road Block
uprooted-palm-tree-hurricane-florida-home-front-yard-aftermath-natural-disaster-concept-303765185_jpg.rf.7e6c2eddc4bb49b941de6dcf04d09d29.jpg,fallen_tree,0.766,48,145,554,359,48.54,Critical Road Block
ia_400008579_png_jpg.rf.e9dccce264832270452c5d1c52983428.jpg,fallen_tree,0.626,26,398,533,242,31.42,Critical Road Block
664_jpg.rf.4e9cc5631fa880e02bb99586ff7abcdd.jpg,fallen_tree,0.618,306,86,307,132,9.9,Partial Road Block
3807_jpg.rf.0ce1a0d7075fd2d086d9fa71debe95dd.jpg,fallen_tree,0.863,4,0,635,587,91.01,Critical Road Block
3565_jpg.rf.83dd95c4513c75de2c4660f824665bc7.jpg,fallen_tree,0.672,0,80,640,455,71.11,Critical Road Block
ia_400008106_png_jpg.rf.39f784ee6d5a6ac41ebc5cb7d442bf0f.jpg,fallen_tree,0.439,96,313,542,295,39.09,Critical Road Block
ia_400002342_png_jpg.rf.67b25e73c44f81a371cb579e31806be6.jpg,fallen_tree,0.466,293,2,341,525,43.72,Critical Road Block
ia_400002342_png_jpg.rf.67b25e73c44f81a371cb579e31806be6.jpg,fallen_tree,0.366,272,63,256,551,34.4,Critical Road Block
3481_jpeg_jpg.rf.59f978b5533d1d49caf03273d6d5c1b7.jpg,fallen_tree,0.632,0,256,556,142,19.21,Major Road Block
ia_400007293_png_jpg.rf.c0b310e55841ba8b3e5eb3df0c1cddaf.jpg,fallen_tree,0.82,4,45,633,421,65.13,Critical Road Block
3951_jpg.rf.9f8f18431786437755dc1a253723052d.jpg,fallen_tree,0.852,0,71,640,560,87.49,Critical Road Block
347_jpg.rf.68b6bc3f4573b42142a187aa744197c8.jpg,fallen_tree,0.781,135,70,503,570,69.93,Critical Road Block
ia_400005496_png_jpg.rf.01fc462275b33ebb11b9410a4a9fbf04.jpg,fallen_tree,0.683,23,107,614,368,55.24,Critical Road Block
ia_100000000222_png_jpg.rf.8886233e0df6f7093efb588f05689daa.jpg,fallen_tree,0.767,122,150,384,379,35.53,Critical Road Block
ia_400004792_png_jpg.rf.7d00385909d082ed6ced30652cabbf14.jpg,fallen_tree,0.485,190,38,450,533,58.52,Critical Road Block
3898_jpg.rf.2e55f19f07339b98392f3acfeaa2fba6.jpg,fallen_tree,0.702,0,129,640,338,52.85,Critical Road Block
3898_jpg.rf.2e55f19f07339b98392f3acfeaa2fba6.jpg,fallen_tree,0.577,0,74,640,487,76.07,Critical Road Block
ia_100000095_png_jpg.rf.08dfe17fbd67a643f90ff60cde5b7d3c.jpg,fallen_tree,0.808,0,168,638,455,70.85,Critical Road Block
ia_400003689_png_jpg.rf.7ef09278c78da0bb0ef2d5ec582950fd.jpg,fallen_tree,0.575,7,19,586,600,85.87,Critical Road Block
IMG_0431_jpeg_jpg.rf.d8313546a882290886b6b9a830361bc8.jpg,fallen_tree,0.774,0,66,640,446,69.69,Critical Road Block
ia_400005492_png_jpg.rf.9bdaca61790d6d9a764f71b2c3d4ef57.jpg,fallen_tree,0.382,120,0,334,364,29.7,Major Road Block
20210928_162030_jpg.rf.7673a47e7ca21a5125beca8a85abd097.jpg,fallen_tree,0.593,85,152,502,302,37.0,Critical Road Block
3740_jpg.rf.17eac803e3c81b9177f8f4596db6b9f1.jpg,fallen_tree,0.798,0,20,640,491,76.72,Critical Road Block
ia_400010027_png_jpg.rf.9f846f0334404006a562720283e651e3.jpg,fallen_tree,0.809,142,472,425,163,16.94,Major Road Block
144_jpg.rf.a8990205260c1c795519df5a61f8918e.jpg,fallen_tree,0.765,223,0,329,602,48.41,Critical Road Block
ia_100004847_png_jpg.rf.1ee482b226f750f2b1758837db57a6ae.jpg,fallen_tree,0.386,1,4,472,634,73.1,Critical Road Block
ia_400009203_png_jpg.rf.9d0f755c2b23369b0cd9fa75705e74a1.jpg,fallen_tree,0.805,0,10,313,231,17.68,Major Road Block
ia_400009203_png_jpg.rf.9d0f755c2b23369b0cd9fa75705e74a1.jpg,fallen_tree,0.805,10,229,310,404,30.56,Critical Road Block
343_jpg.rf.75f6cbeaf12c586665691cbebda9e6fc.jpg,fallen_tree,0.664,2,326,340,211,17.5,Major Road Block
343_jpg.rf.75f6cbeaf12c586665691cbebda9e6fc.jpg,fallen_tree,0.639,26,39,357,176,15.3,Major Road Block
ia_400009209_png_jpg.rf.5e32599c5994f6ed574502cc3869ffca.jpg,fallen_tree,0.58,6,235,591,243,34.96,Critical Road Block
ia_100000000370_png_jpg.rf.6da68c80a100e4f3b82926f70387b4e6.jpg,fallen_tree,0.527,61,237,579,243,34.42,Critical Road Block
ia_400008097_png_jpg.rf.b176d0a14f9c567ea14d90a68ea11223.jpg,fallen_tree,0.585,27,1,600,497,72.77,Critical Road Block
3800_jpg.rf.b2fd54a576ab1a2d5ae52ceb16ef62ed.jpg,fallen_tree,0.638,46,197,590,392,56.42,Critical Road Block
ia_400010027_png_jpg.rf.7808879d0a511b9c9a92cf3ded83abcd.jpg,fallen_tree,0.769,252,476,273,131,8.74,Partial Road Block
ia_400010027_png_jpg.rf.7808879d0a511b9c9a92cf3ded83abcd.jpg,fallen_tree,0.48,166,9,273,383,25.51,Major Road Block
ia_800002008_png_jpg.rf.f988de866dc20a8724521478300d6938.jpg,fallen_tree,0.907,0,0,637,637,99.11,Critical Road Block
IMG_0456_jpeg_jpg.rf.92d2f1189ba38c3381a19300982c6eec.jpg,fallen_tree,0.612,1,211,639,429,66.86,Critical Road Block
3554_jpg.rf.f5ba59902f22084878619bb42693ddd3.jpg,fallen_tree,0.53,165,256,381,256,23.81,Major Road Block
3653_jpg.rf.8d056295393efada86fc950372aab7d6.jpg,fallen_tree,0.766,40,278,550,315,42.35,Critical Road Block
20210928_101938_jpg.rf.49a6510ad840050d4bd56869c8e40773.jpg,fallen_tree,0.663,0,333,636,251,38.95,Critical Road Block
3990_jpg.rf.19eeb85c1ce9302f9febb9c4f7739f11.jpg,fallen_tree,0.728,9,118,629,389,59.74,Critical Road Block
537_jpg.rf.b660617052a44c301d21056392337f39.jpg,fallen_tree,0.622,303,456,233,176,10.03,Partial Road Block
537_jpg.rf.b660617052a44c301d21056392337f39.jpg,fallen_tree,0.502,65,83,440,282,30.3,Critical Road Block
362_jpg.rf.ef4d3c5454ad85f5a8432b992d58f4d4.jpg,fallen_tree,0.679,32,10,517,326,41.11,Critical Road Block
3842_jpg.rf.a71cb0ecd08742a67a83008ebf07d35e.jpg,fallen_tree,0.752,64,87,574,281,39.33,Critical Road Block
20210928_163049_jpg.rf.ca2b347487d37d7b99cdf6e5e78a0441.jpg,fallen_tree,0.649,29,167,546,297,39.64,Critical Road Block
20210928_163049_jpg.rf.ca2b347487d37d7b99cdf6e5e78a0441.jpg,fallen_tree,0.464,479,367,161,178,6.99,Partial Road Block
